module,domain,path,has_pom,has_readme,webapp,java_files,xml_files,sql_files
access,其他模块,access,True,False,False,2,6,0
admin-bulk-user-membership,其他模块,admin-bulk-user-membership,True,False,False,6,4,0
announcement/announcement-api/api,其他模块,announcement/announcement-api/api,True,False,False,9,1,0
assignment/api,其他模块,assignment/api,True,False,False,32,5,0
calendar/calendar-api/api,其他模块,calendar/calendar-api/api,True,False,False,17,1,0
calendar/calendar-bundles,其他模块,calendar/calendar-bundles,True,False,False,0,1,0
calendar/calendar-hbm,其他模块,calendar/calendar-hbm,True,False,False,1,2,0
card-game,其他模块,card-game,True,True,False,5,4,0
card-game/api,其他模块,card-game/api,True,False,False,3,1,0
chat/chat-api/api,其他模块,chat/chat-api/api,True,False,False,8,1,0
citations/citations-api/api,其他模块,citations/citations-api/api,True,False,False,25,1,0
cloud-storage/googledrive,其他模块,cloud-storage/googledrive,True,True,False,14,6,0
common/archive-api,其他模块,common/archive-api,True,False,False,16,1,0
common/common-api,其他模块,common/common-api,True,False,False,15,1,0
common/impl,其他模块,common/impl,True,False,False,8,4,0
common/privacy-api,其他模块,common/privacy-api,True,False,False,1,1,0
common/privacy-hbm,其他模块,common/privacy-hbm,True,False,False,1,1,3
commons/api,其他模块,commons/api,True,False,False,18,1,0
conditions,其他模块,conditions,True,False,False,13,4,0
conditions/api,其他模块,conditions/api,True,False,False,7,1,0
config/configuration/bundles,其他模块,config/configuration/bundles,True,False,False,0,1,0
content-review/api,其他模块,content-review/api,True,False,False,10,2,0
content/content-bundles,其他模块,content/content-bundles,True,False,False,0,1,0
content/content-copyright/api,其他模块,content/content-copyright/api,True,False,False,3,1,0
content/content-metadata/api,其他模块,content/content-metadata/api,True,False,False,6,1,0
conversations/api,其他模块,conversations/api,True,False,False,42,6,0
dav/dav-common,其他模块,dav/dav-common,True,False,False,1,1,0
dav/dav-server,其他模块,dav/dav-server,True,False,False,1,2,0
delegatedaccess/api,其他模块,delegatedaccess/api,True,False,False,17,1,0
e2e-tests,其他模块,e2e-tests,True,True,False,26,1,0
edu-services,其他模块,edu-services,True,False,False,100,34,21
edu-services/cm-service/cm-api/api,其他模块,edu-services/cm-service/cm-api/api,True,False,False,16,1,0
edu-services/cm-service/cm-impl/hibernate-impl/hibernate,其他模块,edu-services/cm-service/cm-impl/hibernate-impl/hibernate,True,False,False,15,13,0
edu-services/scoring-service/api,其他模块,edu-services/scoring-service/api,True,False,False,4,1,0
edu-services/sections-service/sections-api,其他模块,edu-services/sections-service/sections-api,True,False,False,20,1,0
edu-services/sections-service/sections-impl/sakai/model,其他模块,edu-services/sections-service/sections-impl/sakai/model,True,False,False,11,1,0
emailtemplateservice,其他模块,emailtemplateservice,True,False,False,4,4,0
entitybroker/api,其他模块,entitybroker/api,True,False,False,122,1,0
external-calendaring-service,其他模块,external-calendaring-service,True,False,False,7,5,0
external-calendaring-service/api,其他模块,external-calendaring-service/api,True,False,False,2,1,0
gradebookng/api,其他模块,gradebookng/api,True,False,False,71,1,0
gradebookng/bundle,其他模块,gradebookng/bundle,True,False,False,0,1,0
help,其他模块,help,True,False,False,39,19,3
help/help,其他模块,help/help,True,False,False,0,2,0
help/help-api,其他模块,help/help-api,True,False,False,10,1,0
help/help-component-shared,其他模块,help/help-component-shared,True,False,False,3,3,0
hierarchy/api,其他模块,hierarchy/api,True,False,False,13,4,0
jobscheduler/scheduler-api,其他模块,jobscheduler/scheduler-api,True,False,False,14,1,0
jobscheduler/scheduler-component-shared,其他模块,jobscheduler/scheduler-component-shared,True,False,False,80,2,30
jobscheduler/scheduler-events-model,其他模块,jobscheduler/scheduler-events-model,True,False,False,4,1,0
jobscheduler/scheduler-test-component-shared,其他模块,jobscheduler/scheduler-test-component-shared,True,False,False,11,1,0
kernel/api,其他模块,kernel/api,True,False,False,442,3,0
kernel/component-manager,其他模块,kernel/component-manager,True,False,False,49,14,0
kernel/kernel-storage-util,其他模块,kernel/kernel-storage-util,True,False,False,39,3,0
lessonbuilder/api,其他模块,lessonbuilder/api,True,False,False,20,1,0
lessonbuilder/hbm,其他模块,lessonbuilder/hbm,True,False,False,16,12,0
login/login-api/api,其他模块,login/login-api/api,True,False,False,9,1,0
lti/lti-api,其他模块,lti/lti-api,True,False,False,26,1,0
lti/tsugi-util,其他模块,lti/tsugi-util,True,True,False,184,8,0
mailarchive/mailarchive-api/api,其他模块,mailarchive/mailarchive-api/api,True,False,False,8,1,0
mailsender/api,其他模块,mailsender/api,True,False,False,13,1,0
master,其他模块,master,True,False,False,1,1,0
meetings/api,其他模块,meetings/api,True,False,False,9,1,0
message,其他模块,message,True,False,False,11,9,0
message/message-api/api,其他模块,message/message-api/api,True,False,False,7,1,0
microsoft-integration/api,其他模块,microsoft-integration/api,True,False,False,53,1,0
msgcntr/messageforums-api,其他模块,msgcntr/messageforums-api,True,False,False,71,1,0
msgcntr/messageforums-hbm,其他模块,msgcntr/messageforums-hbm,True,False,False,39,19,41
oauth/api,其他模块,oauth/api,True,False,False,15,1,0
oauth/dao-hbm,其他模块,oauth/dao-hbm,True,False,False,2,4,0
pack,其他模块,pack,True,False,False,0,7,0
pack/pack-bin,其他模块,pack/pack-bin,True,False,False,0,2,0
pack/pack-src,其他模块,pack/pack-src,True,False,False,0,2,0
pasystem,其他模块,pasystem,True,True,False,37,8,3
pasystem/pasystem-api/api,其他模块,pasystem/pasystem-api/api,True,False,False,13,1,0
plus/api,其他模块,plus/api,True,False,False,19,1,0
podcasts/podcasts-api,其他模块,podcasts/podcasts-api,True,False,False,5,1,0
polls/api,其他模块,polls/api,True,False,False,11,3,0
portal/portal-api/api,其他模块,portal/portal-api/api,True,False,False,23,1,0
portal/portal-render-api/api,其他模块,portal/portal-render-api/api,True,False,False,4,1,0
portal/portal-util/util,其他模块,portal/portal-util/util,True,False,False,9,1,0
postem/postem-api,其他模块,postem/postem-api,True,False,False,4,1,0
postem/postem-hbm,其他模块,postem/postem-hbm,True,False,False,4,3,0
presence,其他模块,presence,True,False,False,6,9,3
presence/presence-api/api,其他模块,presence/presence-api/api,True,False,False,2,1,0
profile2/api,其他模块,profile2/api,True,False,False,16,1,0
reset-pass/account-validator-api,其他模块,reset-pass/account-validator-api,True,False,False,6,1,0
roster2/bundle,其他模块,roster2/bundle,True,False,False,0,1,0
rubrics/api,其他模块,rubrics/api,True,False,False,24,1,0
rwiki/rwiki-api/api,其他模块,rwiki/rwiki-api/api,True,False,False,49,2,0
rwiki/rwiki-model,其他模块,rwiki/rwiki-model,True,False,False,13,3,0
samigo/samigo-api,其他模块,samigo/samigo-api,True,False,False,73,47,0
samigo/samigo-hibernate,其他模块,samigo/samigo-hibernate,True,False,False,62,14,0
samigo/samigo-services,其他模块,samigo/samigo-services,True,False,False,205,6,0
scormplayer/scorm-api,其他模块,scormplayer/scorm-api,True,False,False,151,18,0
search/elasticsearch/api,其他模块,search/elasticsearch/api,True,False,False,4,1,0
search/search-api/api,其他模块,search/search-api/api,True,False,False,22,1,0
search/search-model,其他模块,search/search-model,True,False,False,1,2,0
serviceworker,其他模块,serviceworker,True,False,True,0,2,0
shortenedurl,其他模块,shortenedurl,True,False,False,9,7,4
shortenedurl/api,其他模块,shortenedurl/api,True,False,False,3,2,0
signup/api,其他模块,signup/api,True,False,False,32,1,0
site-manage/datemanager/api,其他模块,site-manage/datemanager/api,True,False,False,5,1,0
site-manage/site-manage-api/api,其他模块,site-manage/site-manage-api/api,True,False,False,18,1,0
site-manage/site-manage-hbm,其他模块,site-manage/site-manage-hbm,True,False,False,4,5,0
site/term-manager/api,其他模块,site/term-manager/api,True,False,False,6,1,0
sitestats,其他模块,sitestats,True,True,False,262,29,8
sitestats/sitestats-api,其他模块,sitestats/sitestats-api,True,False,False,78,4,0
sitestats/sitestats-impl-hib,其他模块,sitestats/sitestats-impl-hib,True,False,False,13,16,0
syllabus/syllabus-api,其他模块,syllabus/syllabus-api,True,False,False,6,1,0
taggable,其他模块,taggable,True,False,False,18,7,0
taggable/taggable-api/api,其他模块,taggable/taggable-api/api,True,False,False,11,1,0
taggable/taggable-hbm/hbm,其他模块,taggable/taggable-hbm/hbm,True,False,False,1,3,0
tags,其他模块,tags,True,True,False,42,11,3
tags/tags-api/api,其他模块,tags/tags-api/api,True,False,False,12,1,0
textarea,其他模块,textarea,True,False,False,14,10,0
user/user-util,其他模块,user/user-util,True,False,False,1,1,0
userauditservice,其他模块,userauditservice,True,False,False,7,11,3
userauditservice/api,其他模块,userauditservice/api,True,False,False,2,1,0
usermembership/api,其他模块,usermembership/api,True,False,False,1,1,0
velocity/tool-api,其他模块,velocity/tool-api,True,False,False,3,1,0
vuecomponents/bundle,其他模块,vuecomponents/bundle,True,False,False,0,1,0
web/web-api/api,其他模块,web/web-api/api,True,False,False,1,1,0
webcomponents/bundle,其他模块,webcomponents/bundle,True,False,False,0,1,0
archive,内容、文件与集成,archive,True,False,False,1,2,0
citations,内容、文件与集成,citations,True,False,False,71,15,3
cloud-content,内容、文件与集成,cloud-content,True,True,False,1,3,0
cloud-storage,内容、文件与集成,cloud-storage,True,True,False,14,7,0
dav,内容、文件与集成,dav,True,False,False,5,7,0
microsoft-integration,内容、文件与集成,microsoft-integration,True,True,False,98,15,0
search,内容、文件与集成,search,True,True,False,82,18,6
common,平台框架与门户,common,True,False,False,125,32,8
config,平台框架与门户,config,True,False,False,9,6,0
deploy,平台框架与门户,deploy,True,False,False,0,1,0
entitybroker,平台框架与门户,entitybroker,True,False,False,267,10,0
jobscheduler,平台框架与门户,jobscheduler,True,False,False,114,23,30
jsf,平台框架与门户,jsf,True,False,False,144,17,0
jsf2,平台框架与门户,jsf2,True,True,False,79,11,0
kernel,平台框架与门户,kernel,True,True,False,871,74,48
library,平台框架与门户,library,True,True,False,0,4,0
portal,平台框架与门户,portal,True,True,False,133,20,0
providers,平台框架与门户,providers,True,False,False,51,15,1
rsf,平台框架与门户,rsf,True,False,False,37,20,0
velocity,平台框架与门户,velocity,True,False,False,31,4,0
vuecomponents,平台框架与门户,vuecomponents,True,True,False,0,5,0
web,平台框架与门户,web,True,False,False,7,12,0
webapi,平台框架与门户,webapi,True,True,True,58,3,0
webcomponents,平台框架与门户,webcomponents,True,True,False,0,5,0
webjars,平台框架与门户,webjars,True,False,False,0,3,0
webservices,平台框架与门户,webservices,True,True,False,37,4,0
wicket,平台框架与门户,wicket,True,False,False,8,3,0
announcement,教学工具与协作,announcement,True,False,False,24,9,5
assignment,教学工具与协作,assignment,True,False,False,86,31,0
calendar,教学工具与协作,calendar,True,False,False,74,21,6
chat,教学工具与协作,chat,True,True,False,19,13,3
commons,教学工具与协作,commons,True,True,False,28,8,2
content,教学工具与协作,content,True,True,False,74,22,4
content-review,教学工具与协作,content-review,True,True,False,48,32,0
conversations,教学工具与协作,conversations,True,False,False,65,15,0
dashboard,教学工具与协作,dashboard,True,True,False,4,4,0
feedback,教学工具与协作,feedback,True,True,False,7,5,4
gradebookng,教学工具与协作,gradebookng,True,True,False,247,9,0
lessonbuilder,教学工具与协作,lessonbuilder,True,True,False,171,22,12
lti,教学工具与协作,lti,True,True,False,279,38,0
mailarchive,教学工具与协作,mailarchive,True,False,False,19,10,6
mailsender,教学工具与协作,mailsender,True,False,False,24,7,0
meetings,教学工具与协作,meetings,True,True,False,28,8,0
msgcntr,教学工具与协作,msgcntr,True,False,False,199,35,58
plus,教学工具与协作,plus,True,True,False,39,11,0
podcasts,教学工具与协作,podcasts,True,False,False,17,13,0
polls,教学工具与协作,polls,True,False,False,41,9,0
postem,教学工具与协作,postem,True,False,False,21,10,0
rubrics,教学工具与协作,rubrics,True,True,False,36,9,0
rwiki,教学工具与协作,rwiki,True,False,False,473,49,12
samigo,教学工具与协作,samigo,True,True,False,704,100,76
scormplayer,教学工具与协作,scormplayer,True,True,False,355,53,7
signup,教学工具与协作,signup,True,True,False,127,11,0
syllabus,教学工具与协作,syllabus,True,False,False,27,11,0
admin-su,用户、站点与权限,admin-su,True,True,False,1,6,0
admin-tools,用户、站点与权限,admin-tools,True,False,False,13,11,0
delegatedaccess,用户、站点与权限,delegatedaccess,True,False,False,81,10,0
hierarchy,用户、站点与权限,hierarchy,True,False,False,21,10,0
login,用户、站点与权限,login,True,False,False,23,16,0
oauth,用户、站点与权限,oauth,True,True,False,37,13,0
profile2,用户、站点与权限,profile2,True,True,False,50,11,0
reset-pass,用户、站点与权限,reset-pass,True,False,False,20,17,0
roster2,用户、站点与权限,roster2,True,True,False,12,6,0
sections,用户、站点与权限,sections,True,False,False,37,12,0
site,用户、站点与权限,site,True,False,False,27,18,0
site-manage,用户、站点与权限,site-manage,True,False,False,103,50,0
user,用户、站点与权限,user,True,True,False,12,16,0
usermembership,用户、站点与权限,usermembership,True,False,False,5,11,0
