layer,canonical_term,chinese_meaning,canonical_owner,db_or_state_evidence,code_or_api_evidence,human_facing_term,not_equal_to,status,note
Root Model,Account,登录入口,Platform Core,account,Account;AccountRepository;PlatformCoreController,登录账号,Subject;人员;权限主体,CURRENT,一个Subject可有0到多个Account；Account第一阶段只关联一个Subject
Root Model,Subject,统一稳定主体,Platform Core,subject,Subject;AuthorizationPrincipal;currentSubject,我的身份/人员,Account;User;Identity,CURRENT,授权和人员业务关系的唯一主体
Root Model,AccountSubjectRelation,账号与主体的受控绑定,Platform Core,account_subject_relation,AccountSubjectRelation;bindAccount,账号绑定,账号合并,CURRENT,绑定必须受控可审计；不允许自动复杂Merge
Root Model,Identity,识别或认证证据,Platform Core/Authentication,business_identity;authentication_phone_identity,IdentityView;PlatformIdentityService,身份信息,Subject;RoleAssignment;Membership,COMPATIBILITY,不得作为新业务principal；部分历史actor字段保留证据
Root Model,BusinessIdentity,历史业务身份兼容对象,Platform Core,business_identity,PlatformIdentityService,历史工作身份,Subject授权主体,LEGACY_COMPAT,按bounded context分阶段退役；新功能不得依赖其授权
Root Model,AuthenticationSession,已认证会话运行事实,Authentication,Redis session namespace,AuthenticationController;MeController,登录状态,Account;Subject;Authorization,CURRENT_RUNTIME,Session只引用Account/Subject及工作上下文摘要
Root Model,WorkingContext,用户当前导航与工作范围,Authentication/Presentation,Redis session digest,switchWorkingContext;human-presentation.ts,当前工作范围,授权依据;Fact Owner,CURRENT_PRESENTATION,切换工作单位不自动获得权限
Root Model,Tenant,租户及Tenant-owned事实隔离维度,Platform Core,tenant,PlatformCoreCapability;ResourceAuthorizationContext,管理中心/租户,Organization;Scope,CURRENT,Tenant事实所有权与授权Scope是两回事
Root Model,Organization,平台拥有的现实组织,Platform Core,platform_organization,PlatformOrganizationReadCapability;OrganizationHierarchyPanel,单位/组织,Tenant子对象;OrganizationUnit,CURRENT_CANONICAL,跨Tenant访问默认拒绝但Organization本身不是Tenant子对象
Root Model,OrganizationMembership,Subject与Organization的现实关系,Platform Core,platform_organization_membership,OrganizationMembershipSummary;listEffectiveOrganizationMemberships,所属单位,RoleAssignment;Qualification,CURRENT,Membership不产生权限
Root Model,Direct Membership,直接写入的成员关系,Platform Core,platform_organization_membership,Membership query,直接所属单位,Effective Membership,CURRENT,是正式Membership记录
Root Model,Effective Membership,从主行政树向上投影的有效关系,Platform Core,derived from membership+relation,listEffectiveOrganizationMemberships,上级归属/继承可见关系,新的Membership记录,CURRENT_DERIVED,只读派生；不得回写成第二套成员事实
Root Model,OrganizationRelation,组织间类型化时间关系,Platform Core,platform_organization_relation,OrganizationRelationType;OrganizationHierarchyPolicy,行政隶属/关联关系,权限;Membership;OrganizationUnit,CURRENT,主行政树只是关系图的一种投影
Root Model,Primary Administrative Tree,主行政关系投影,Platform Core,platform_organization_relation primary flag,OrganizationHierarchyPanel,主要行政树,完整组织图;权限树,CURRENT_DERIVED,一组织同一时点最多一个主要行政父关系
Root Model,OrganizationScopeMode,组织授权向下范围模式,Platform Core,subject_role_assignment scope,OrganizationScopeMode,仅本组织/含下级,Membership继承,CURRENT,EXACT与DESCENDANTS必须由RoleAssignment明确选择
Root Model,OrganizationUnit,未采用的万能组织单元概念,NONE,NONE,NONE,无,Organization,FORBIDDEN,现行以PlatformOrganization+typed relation表达
Root Model,RoleDefinition,角色定义目录,Platform Core,role_definition;platform_role_definition,RoleDefinition API,职责类型,RoleAssignment;Permission,CURRENT,Definition不表示某个Subject已获角色
Root Model,Permission,可执行的原子能力,Platform Core,permission_catalog;role_permission,authorizeV2;PermissionBoundary,可执行操作,页面入口;Persona,CURRENT,业务模块不得动态复制Permission事实
Root Model,RoleAssignment,Subject在明确Scope内承担角色的事实,Platform Core,subject_role_assignment,AuthorizationPrincipal;assignRole;revokeAssignment,我的职责,Identity;Membership;Qualification,CURRENT,holder必须是Subject
Root Model,Scope,RoleAssignment的生效范围,Platform Core,subject_role_assignment_scope,ResourceAuthorizationContext,生效范围,Tenant事实所有权,CURRENT,可独立约束Tenant Organization Activity
Root Model,ResourceAuthorizationContext,Owner解析出的多维资源授权上下文,Platform Core,NONE value object,ResourceAuthorizationContext,资源范围,通用Context表,CURRENT,可组合tenantId organizationId activityId且类型封闭
Root Model,AuthorizationContext,旧单维授权上下文值对象,Platform Core,NONE value object,AuthorizationContext,历史上下文,ResourceAuthorizationContext,COMPATIBILITY,AR-002相关目标已被AR-018替代；不要用于新增多维授权设计
Root Model,AuthorizationPrincipal,授权引擎入口的Subject principal,Platform Core,NONE value object,AuthorizationPrincipal,当前人员,Identity;Account,CURRENT,只允许正数subjectId
Root Model,QualificationDefinitionVersion,资格定义的不可变发布版本,Qualification,qualification_definition;qualification_definition_version,QualificationCapability,资格标准,QualificationAssertion,CURRENT,Platform canonical definition
Root Model,QualificationAssertion,Issuer对Subject资格的时间化断言,Qualification,qualification_assertion;qualification_assertion_event,listMyQualificationAssertions,已核验资格,Role;Membership;Credential,CURRENT,不直接授权；有效状态包含时态语义
Activity,Activity,租户内可运行的活动上下文锚点,Activity,activity,ActivityCoreApplicationService;ActivityCoreController,活动/赛事运行空间,Competition;Edition,CURRENT,Activity Composition父子双方均为Activity
Activity,ActivityComposition,Activity之间的树形组成关系,Activity,activity_composition,ActivityCompositionPolicy;addComposition,活动组成,Flow;Stage,CURRENT,Composition描述结构而非业务过程
Activity,ActivityFlow,活动内纵向业务过程,Activity,activity_flow,createFlow;flows,流程,Composition;RuntimeSession,CURRENT,不创建Event Stage Round Track等重叠核心对象
Activity,FlowNode,Flow中的定义节点,Activity,activity_flow_node,createFlowNode;resolveFlowNode,流程节点,RuntimeSession,CURRENT,一个FlowNode可对应多个RuntimeSession
Activity,Group,活动内参与者组合,Activity,activity_group;activity_group_member,createGroup;addGroupMember,团队/小组,Organization;Participation,CURRENT,Group不是组织也不是授权主体
Activity,ParticipantCategory,活动报名参与类别,Activity,activity_participant_category,createParticipantCategory,参赛组别,Track;Organization,CURRENT,不得无证据把Category提升为Track
Activity,Registration,申请参加赛事的案件,Competition,competition_registration_case,CompetitionRegistrationApplicationService;CompetitionRegistrationController,报名申请,Participation,CURRENT,FINALIZED后才可形成正式Participation
Activity,RegistrationRevision,报名材料和人员的版本化修订,Competition,competition_registration_revision,openRevision;submit,报名版本,直接改写历史报名,CURRENT,退回补正创建新Revision
Activity,RegistrationApproval,组织对报名的审批事实,Competition,registration_organization_approval_case;decision,decideApproval,单位审核,最终参赛确认,CURRENT,审批通过仍不必然等于FINALIZED
Activity,Participation,正式参赛事实,Activity,activity_participation,confirmParticipation;ParticipationEntitlementCapability,正式参赛关系,Registration;Group,CURRENT,下游正式能力应引用Participation
Activity,EntitlementRevision,Participation成员和资格的版本化权利快照,Activity,activity_participation_entitlement_revision,ParticipationEntitlementApplicationService,参赛成员版本,Membership;RoleAssignment,CURRENT,withdraw disqualify replace产生新revision
Competition,Competition,跨届赛事逻辑身份,Competition,competition governance tables,CompetitionCanonicalCapability,赛事,Activity;Edition,CURRENT,长期赛事身份由governance contract解释
Competition,CompetitionEdition,一届赛事的运行实例,Competition,competition_edition;competition_edition_activity_binding,CompetitionGovernanceApplicationService,本届赛事,Competition;Activity,CURRENT,一届通过PRIMARY binding关联Activity
Competition,CompetitionDefinitionVersion,一届赛事配置的不可变定义版本,Competition,competition_definition_version,validate;analyzeImpact;publish,赛事规则版本,当前草稿表单,CURRENT,PUBLISHED不可原地改语义
Competition,ImpactAnalysis,定义版本变化对现有报名/参赛的有界影响分析,Competition,competition_version_impact_analysis;item,analyze-impact,影响分析,自动迁移决定,CURRENT,UNKNOWN必须保留证据不足
Competition,ImpactPolicyDecision,Human选择的版本治理策略,Competition,competition_version_impact_policy_decision,choose-policy,处理策略,事实自动重写,CURRENT,策略不能越权修改其他Owner事实
Competition,TeamPolicy,团队形成规则的版本化策略,Competition,registration_policy_version,CompetitionProductApplicationService,组队规则,Group当前成员,CURRENT,策略与运行Group事实分离
Competition,AwardDecision,赛事Owner发布的正式获奖决定,Competition,competition_award_decision;version;recipient,CompetitionAwardApplicationService,获奖结果,EvaluationResult;Credential,CURRENT,Evaluation只是证据；Award发布版本append-only
Submission,SubmissionRequirement,活动要求提交什么,Submission,activity_submission_requirement,ActivitySubmissionController,提交要求,Artifact,CURRENT,Requirement与实际Submission分离
Submission,SubmissionRevision,一次正式提交的不可变修订,Submission,activity_submission_revision,submit;openRevision,提交版本,ArtifactVersion,CURRENT,正式提交冻结精确Artifact Version
Artifact,Artifact,业务数字材料的逻辑对象,Artifact,artifact,ArtifactFileController,材料,FileObject;URL,CURRENT,一个Artifact可有多个Version
Artifact,ArtifactVersion,材料的不可变内容版本,Artifact,artifact_version,ArtifactFileApplicationService,材料版本,可覆盖文件,CURRENT,替换必须创建新版本
Artifact,FileObject,底层文件对象与存储引用,Artifact,file_object,ArtifactFile capability,文件,Artifact;永久URL,CURRENT,业务表不得保存永久File URL
Artifact,FileDerivative,预览缩略图等派生文件,Artifact,file_derivative,preview conversion,预览文件,ArtifactVersion,CURRENT,不能替代原始正式版本
Runtime,RuntimeSession,现实中的一次执行单元,Runtime,runtime_session,ActivityRuntimeApplicationService;ActivityRuntimeController,现场场次,FlowNode;Event,CURRENT,与FlowNode是N:M
Runtime,RuntimeAssignment,执行单元指派给受控目标的事实,Runtime,runtime_session_assignment,assign,现场任务分配,万能target,CURRENT,目标只允许Participation Subject EvaluationTarget
Runtime,RuntimeFocus,当前执行焦点事实,Runtime,runtime_focus,changeFocus,当前环节,RuntimeEvent,CURRENT,不能从Event反推Focus
Runtime,RuntimeEvent,执行历史事件,Runtime,runtime_event,event,现场历史,RuntimeFocus,CURRENT_APPEND_ONLY,只记录历史不反向成为当前事实
Attendance,AttendancePlan,到场规则计划,Attendance,attendance_plan,AttendanceController,签到计划,AttendanceRecord,CURRENT,定义谁何时需要到场
Attendance,AttendanceExecution,一次签到执行窗口,Attendance,attendance_execution,createExecution;issueChallenge,签到场次,RuntimeSession,CURRENT,Challenge只是短时执行证明
Attendance,AttendanceRecord,Subject当前到场事实,Attendance,attendance_record,recordArrival;selfCheckIn,到场记录,AttendanceEvent;团队到齐,CURRENT,只记录Subject到场
Attendance,AttendanceEvent,到场操作历史,Attendance,attendance_event,events,签到历史,AttendanceRecord,CURRENT_APPEND_ONLY,团队到齐由Subject Record聚合
Evaluation,EvaluationPlan,评审计划,Evaluation,evaluation_plan,EvaluationApplicationService,评审安排,Flow;Result,CURRENT,可与FlowNode和Runtime关联
Evaluation,EvaluationTarget,被评审对象的受控引用,Evaluation,evaluation_target,createTarget,评审对象,万能target,CURRENT,目标类型必须封闭
Evaluation,EvaluationTask,分配给reviewer Subject的任务,Evaluation,evaluation_task,assignEvaluationTask,评审任务,RoleAssignment;Result,CURRENT,可见任务仍需服务端授权
Evaluation,EvaluationRecord,评审者提交的正式记录,Evaluation,evaluation_record;score,submitEvaluation,评分记录,EvaluationResult;Award,CURRENT,正式输入冻结Revision/ArtifactVersion
Evaluation,EvaluationResult,Evaluation Owner解释出的评审结果,Evaluation,evaluation_result,EvaluationController,评审结果,AwardDecision,CURRENT,不能直接成为获奖事实
Resource,Resource,可预约资源定义,Resource Reservation,resource_allocation;related resource tables,ResourceReservationController,场地/设备/资源,Reservation,CURRENT,Owner定义资源和容量
Resource,AvailabilitySlot,可预约时段,Resource Reservation,availability_slot,listOffers,可预约时间,Reservation,CURRENT,时段可用不代表已预订
Resource,Reservation,Subject或Participation的预约事实,Resource Reservation,reservation,createReservation;cancel,预约记录,RuntimeAssignment,CURRENT,并发容量由数据库/ledger保护
Credential,CredentialDefinitionVersion,凭证类型的不可变定义版本,Credential,credential_definition_version,CredentialGovernanceController,凭证标准,CredentialIssue,CURRENT,Definition不是Program
Credential,CredentialIssuerAuthorityVersion,组织作为签发权威的版本化资格,Credential,credential_issuer_authority_version,CredentialEcosystemController,签发机构授权,Organization本身,CURRENT,Organization不天然等于Issuer Authority
Credential,CredentialProgramVersion,具体凭证项目的版本,Credential,credential_program_version,CredentialEcosystemController,凭证项目,CredentialDefinitionVersion,CURRENT,Program可引用定义但不拥有定义
Credential,IssuanceEntitlement,可签发凭证的受控资格,Credential,credential_issuance_entitlement,issue eligibility check,签发资格,Payment success;Qualification,CURRENT_OPTIONAL,仍需最终重检
Credential,CredentialIssue,已签发凭证事实,Credential,credential_issue,issueCredential,我的证书/证明,Award;Role;Participation,CURRENT,只证明持有人和既有事实
Credential,IssueLineage,签发来源和纠正链,Credential,credential_issue_lineage,Credential lifecycle,签发来源,当前展示状态,CURRENT_IMMUTABLE,保留历史来源不可重解释
Credential,CredentialToken,可验证展示或交换令牌,Credential,credential_token,verify token,核验码,Authorization token,CURRENT,Token Context不是Authorization
Credential,ConversionApplication,凭证转换申请,Credential,credential_conversion_application,conversion APIs,转换申请,CredentialIssue,CURRENT,支付成功后仍需Final Recheck
Credential,RecognitionDecision,某consumer对凭证的认可决定,Credential,credential_recognition_decision,recognize,认可结果,Verified;Trusted,CURRENT,不得全局传播为所有场景认可
Credential,TrustPolicyVersion,凭证信任规则版本,Credential,credential_trust_policy_version,trust APIs,信任规则,RecognitionDecision,CURRENT,Trust是策略不是事实源复制
Credential,Endorsement,第三方背书断言,Credential,credential_endorsement_assertion,endorsement APIs,背书,CredentialIssue,CURRENT,背书不直接改变原凭证事实
Learning,LearningCompletion,课程完成事实,Learning,learning_completion,LearningController,学习完成,Qualification;Credential,CURRENT,其他域只消费typed evidence
Exam,ExamResult,考试Owner解释的正式结果,Exam,exam_result,ExamController,考试结果,Qualification;Credential,CURRENT,不得被Mall或Credential直接写入
Mall,MallProduct,商城商品及typed binding入口,Mall,mall_product;mall_offer,MallController,商品,Credential/Learning事实,CURRENT,商品绑定不改变被售能力Owner
Mall,MallOrder,用户购买交易订单,Mall,mall_order;line,MallController,订单,PaymentOrder,CURRENT,订单状态与资金状态分离
Mall,Fulfillment,订单支付后的履约事实,Mall,mall_fulfillment,Mall fulfillment application,履约进度,Payment success;CredentialIssue,CURRENT,支付成功不等于履约成功
Finance,Payable,应收义务,Commerce Finance,commerce_payable_line,CommerceCustomerController,待缴费用,PaymentOrder,CURRENT,预览金额不是应收
Finance,PaymentOrder,支付流程与金额占用事实,Commerce Finance,commerce_payment_order,createOrder;refresh payment,支付订单,MallOrder;PaymentTransaction,CURRENT,UNKNOWN时禁止重复支付
Finance,PaymentTransaction,Provider交互的资金结果,Commerce Finance,commerce_payment_transaction;provider_callback,provider adapters,支付结果,业务履约,CURRENT,Provider结果不覆盖本地历史
Finance,RefundCase,退款申请和工作单,Commerce Finance,commerce_refund_application;work_order;attempt,refund APIs,退款进度,Invoice red-letter,CURRENT,退款与发票红冲是不同流程
Finance,InvoiceCase,开票申请与文档,Commerce Finance,commerce_invoice_application;document,invoice APIs,发票申请/电子票,PaymentOrder,CURRENT,正式文件引用ArtifactVersion
Finance,Reconciliation,账务差异识别与处置,Commerce Finance,commerce_reconciliation_run;item;resolution,reconciliation APIs,对账,支付状态,CURRENT,差异不能由前端压成成功
Communication,Conversation,客户或业务会话,Communication,communication_conversation,CommunicationController,消息会话,FeedbackCase,CURRENT,会话不是投诉案件
Communication,Message,会话中的消息事实,Communication,communication_conversation_message,sendMessage,消息,Notification;Feedback event,CURRENT,附件引用ArtifactVersion
Communication,Delivery,消息送达状态,Communication,communication_delivery_task,delivery query,已发送/已送达,Read state,CURRENT,Delivered不等于Read
Engagement,FeedbackCase,反馈投诉建议案件,Service Desk,feedback_case;feedback_case_event,EngagementController,反馈/投诉/建议,Conversation,CURRENT,Read/Delivered不等于Resolved
Engagement,SurveyFormVersion,问卷表单不可变版本,Service Desk / Survey,survey_form_version,EngagementController,问卷,Profile schema,CURRENT,发布版本不能被回答后原地改题
Engagement,SurveyResponse,Subject一次问卷响应事实,Service Desk / Survey,survey_response;snapshot,submitSurveyResponse,我的答卷,Subject Profile,CURRENT,答案不得倒灌为人员主数据
CMS,CmsWorkingDraft,内容编辑草稿,CMS,cms_article_working_draft;cms_page_working_draft,CmsAdminController,草稿,CmsPublishedVersion,CURRENT,可修改但不是公开事实
CMS,CmsPublishedVersion,已发布内容的不可变版本,CMS,cms_article_published_version;cms_page_published_version,CmsPublicController,已发布内容,WorkingDraft,CURRENT,公开读取只消费发布版本
Composition,OperationalCompositionRevision,运营页面面板组合版本,Operational Composition,operational_composition_revision;panel,OperationalCompositionAdminController,页面布局版本,BusinessDefinition,CURRENT,只组合Owner投影不拥有业务事实
Projection,WorkspaceProjection,多Owner任务的只读聚合,Application Projection,NONE,WorkspaceController;WorkspaceBoard,工作台,canonical fact,CURRENT_DERIVED,按钮可见不等于已授权
Projection,WalletProjection,凭证钱包只读聚合,Credential,NONE,credential wallet APIs,我的凭证,CredentialIssue,CURRENT_DERIVED,不创建第二份凭证事实
Projection,OpportunityProjection,凭证/商城机会的组合投影,Credential+Mall,NONE,opportunity APIs,可申请/可购买机会,价格或资格事实,CURRENT_DERIVED,价格来自Mall；资格来自Owner evidence
Platform Service,ConfigurationVersion,分范围配置的版本,Scoped Configuration,platform_configuration_version,ConfigurationAdminController,配置版本,业务事实,CURRENT,PLATFORM/TENANT/ORGANIZATION范围需明确
Platform Service,AuditEntry,谁何时对何对象做了什么的审计,Platform Audit,platform_audit_entry,AuditAdminController,操作记录,业务当前状态,CURRENT_APPEND_ONLY,审计不可反推State
Platform Service,DomainEvent,Owner发布的领域事件,Event / Task,platform_outbox_event,EventTask capability,事件,当前事实,CURRENT_APPEND_ONLY,事件是传播/历史契约
Platform Service,Task,可靠异步工作单元,Event / Task,platform_task;attempt;dead_letter,EventTaskAdminController,后台任务,业务终态,CURRENT_RUNTIME,READY LEASED RETRY_WAIT DEAD有独立语义
Platform Service,MetadataTerm,受治理字典项与标签,Metadata,metadata_term;alias;label,MetadataAdminController,数据字典项,业务实体,CURRENT,Metadata不得吸收领域事实
Platform Service,ProviderInstance,第三方Provider配置实例,Provider Operations,provider_instance;selection;readiness,ProviderOperationsAdminController,服务提供方,业务结果,CURRENT,Readiness只是运维证据
Platform Service,PluginDescriptor,编译期受治理扩展描述,Plugin Governance,plugin_definition;plugin_version,PluginGovernanceController,扩展能力,动态插件代码,CURRENT_CLOSED_FAMILY,九类封闭扩展族；无动态JAR/Remote UI
Platform Service,PrivacyRequest,数据主体隐私请求,Privacy Governance,privacy_request,PrivacyGovernanceController,隐私请求,直接删除Owner事实,CURRENT,由Privacy协调Owner执行
Platform Service,DataExchangeJob,受控数据导入导出任务,Data Exchange,data_exchange_job;row_result,DataExchangeAdminController,数据交换任务,业务Owner批量写,CURRENT,每行决定和回执保留
Platform Service,ProductAnalyticsAggregate,产品分析派生聚合,Platform Ecosystem,product_analytics_daily_projection,PlatformEcosystemController,使用分析,Authorization;Qualification;Participation,CURRENT_DERIVED,不得产生业务权利
Code Layer,Controller,HTTP协议适配入口,Owning Capability,NONE,*Controller;@RequestMapping,接口入口,业务规则Owner,CURRENT,负责校验协议形状和调用ApplicationService；不得直连Mapper
Code Layer,ApplicationService,用例编排与事务入口,Owning Capability,NONE,*ApplicationService,业务操作,Domain Policy;Repository,CURRENT,负责授权前置检查 Command编排 跨域Port和事务
Code Layer,Domain Policy,纯业务判定和状态规则,Owning Capability,NONE,*Policy;*StateMachines,业务规则,Controller条件分支,CURRENT,应避免框架和Infrastructure依赖
Code Layer,Command,改变Owner事实的明确意图,Owning Capability,command catalog,05-APPLICATION-COMMAND-CATALOG.csv,执行操作,通用CRUD状态更新,CURRENT,必须说明actor scope precondition state idempotency concurrency audit does_not
Code Layer,Query,读取Owner事实或受控Projection,Owner/Projection,NONE,06-APPLICATION-QUERY-CATALOG.csv,查看/查询,Command,CURRENT,必须说明source facts consistency masking cache
Code Layer,Port,跨域或外部依赖的稳定接口,Publishing/Consuming Owner,NONE,*Port;*Capability,能力契约,Mapper;内部Service,CURRENT,方向由bounded context map决定
Code Layer,Adapter,Port的基础设施或跨域实现,Consuming module,NONE,*Adapter,技术实现,Owner事实,CURRENT,不能在Adapter内重新定义领域状态
Code Layer,Repository,Domain/Application使用的持久化抽象,Owning Capability,owner tables,*Repository,数据存取,跨域表访问,CURRENT,实现位于infrastructure
Code Layer,Mapper,MyBatis等物理映射,Infrastructure,owner tables,*Mapper,数据库映射,Domain API,CURRENT,其他模块不得直接依赖
Code Layer,Projection,从多个Owner只读组合的展示模型,Projection owner,NONE,*Projection;Workspace*,页面数据,canonical fact,CURRENT_DERIVED,不得用于跨域写入
Code Layer,Policy,明确的规则或选择策略,Owning Capability,NONE,*Policy,规则,事实记录,CURRENT,Policy版本与执行结果应区分
Code Layer,Decision,一次受规则和证据约束的决定,Owning Capability,*_decision tables,*Decision,决定结果,Policy,CURRENT,复杂配置应产出可解释Decision
Code Layer,Event,不可变历史或跨域通知,Owning Capability,*_event;outbox,*Event,历史事件,当前状态,CURRENT_APPEND_ONLY,不能回放推断当前Focus/State除非Owner明确设计
Code Layer,Snapshot,某一时点冻结的输入/受众/花名册,Owning Capability,*_snapshot,*Snapshot,快照,主数据,CURRENT_IMMUTABLE,不得反向更新主事实
API,operationId,OpenAPI中的稳定操作标识,API Owner,202 current IDs,OpenAPI YAML,接口动作名,Controller方法名,CURRENT_PARTIAL,当前627个Controller operation中425个没有逐项operationId
API,Controller operation,实际Spring映射的HTTP操作,API Owner,627 operations,07-API-OPERATION-CAPABILITY-MAP.csv,接口,OpenAPI完整契约,CURRENT,Controller事实存在不代表已完整进入OpenAPI
API,Colon Action,资源上的明确Command动作,API Owner,NONE,POST /resource/{id}:publish 等,发布/撤销/确认,任意state字段PATCH,CURRENT,用于表达非CRUD状态迁移
API,/me,当前Session Subject的本人投影,API Owner,NONE,/api/v1/**/me,我的...,客户端subjectId,CURRENT,Subject必须由服务端会话解析
API,/admin,运营或治理入口,API Owner,NONE,/api/v1/admin/**,管理操作,前端是否显示按钮,CURRENT,仍需精确Permission与Scope
API,/public,无需业务Session的公开读取或受控回调,API Owner,NONE,/api/v1/public/**,公开信息,无安全边界,CURRENT,Provider回调仍需签名/实例校验
API,Idempotency-Key,高风险Command重复请求的语义键,Owning Capability,*_command_claim;*_dedup,request header;command catalog,防重复提交,数据库唯一约束,CURRENT,必须与fingerprint和业务结果绑定
API,Expected Version,乐观锁前置版本,Owning Capability,version column,expectedVersion;If-Match-Version,当前版本,Idempotency-Key,CURRENT,UPDATE必须带version并校验影响行数
API,RFC7807 Problem,稳定错误传输结构,Web Infrastructure,NONE,platform-starter-web;problem-presentation.ts,可理解的错误提示,HTTP 200失败,CURRENT,前端按code映射；未知错误fail-visible
State,DRAFT,可继续编辑且尚未正式发布,Owner state machine,DRAFT,*StateMachines;domain-state CSV,草稿,PUBLISHED,CURRENT,不能向外宣称正式生效
State,VALIDATED,通过Owner定义的结构/规则校验,Owner state machine,VALIDATED,validate,校验通过,PUBLISHED,CURRENT,仍未正式发布
State,PUBLISHED,不可变版本正式生效或可公开消费,Owner state machine,PUBLISHED,publish,已发布,DRAFT,CURRENT,后续变化创建新Version
State,SUPERSEDED,已被后续版本替代但保留历史,Owner state machine,SUPERSEDED,publish successor,已被新版本替代,DELETED,CURRENT,历史引用仍指向原Version
State,SUBMITTED,申请或记录已提交等待后续决定,Owner state machine,SUBMITTED,submit,已提交,FINALIZED,CURRENT,提交不等于审核通过或正式完成
State,FINALIZED,报名等流程已形成正式业务结果,Owner state machine,FINALIZED,finalize,已最终确认,SUBMITTED;APPROVED,CURRENT,对Registration意味着可形成正式Participation
State,WITHDRAWN,主体主动退出且历史保留,Owner state machine,WITHDRAWN,withdraw,已撤回/已退出,DELETED,CURRENT,是否可重开由Owner状态机决定
State,REVOKED,权利/链接/断言被正式撤销,Owner state machine,REVOKED,revoke,已撤销,WITHDRAWN;DISABLED,CURRENT,通常由授权方执行并保留历史
State,SUSPENDED,暂时不可使用但事实未消失,Owner state machine,SUSPENDED,suspend,暂时不可使用,REVOKED,CURRENT,可按规则恢复
State,UNKNOWN,外部或影响结果证据不足,Owner state machine,UNKNOWN,refresh/query latest,结果确认中,FAILED,CURRENT_FAIL_VISIBLE,不得重复发起资金类Command或伪装成功
State,FAILED,Owner确认操作或Provider结果失败,Owner state machine,FAILED,failed transition,失败,UNKNOWN,CURRENT,重试需遵循幂等与Owner规则
State,COMPLETED,流程按Owner规则完成,Owner state machine,COMPLETED,complete,已完成,SUCCEEDED;FULFILLED,CURRENT,不同Owner的完成不能互相替代
Semantic Boundary,Verified,证据或令牌通过真实性核验,Credential/Qualification,VERIFIED,verify,已核验,Trusted;Recognized;Authorized,CURRENT,只回答验证层问题
Semantic Boundary,Trusted,某信任策略接受证据来源,Credential,trust policy,trust evaluation,可信,Verified;Recognized,CURRENT,策略和时点必须明确
Semantic Boundary,Recognized,某consumer在明确上下文认可凭证,Credential,recognition_decision,recognize,已认可,Verified;Trusted;Qualification,CURRENT,不能全局传播
Semantic Boundary,Converted,凭证转换流程完成,Credential,conversion application COMPLETED,conversion APIs,已转换,CredentialIssue自动成功,CURRENT,仍以目标Credential Issue为最终凭证事实
