component,domain,path,module_xml,service_xml,maintenance_json,readme,privacy,roadmap,php_files,templates,tests
Category,仓库与对象,components/ILIAS/Category,True,False,True,False,False,True,21,2,1
CategoryReference,仓库与对象,components/ILIAS/CategoryReference,True,False,True,False,False,False,12,0,1
Container,仓库与对象,components/ILIAS/Container,False,True,True,True,False,True,120,24,2
ContainerReference,仓库与对象,components/ILIAS/ContainerReference,False,True,True,False,False,True,18,0,1
Course,仓库与对象,components/ILIAS/Course,True,False,True,True,False,True,109,44,6
CourseReference,仓库与对象,components/ILIAS/CourseReference,True,False,True,False,False,False,15,1,0
Folder,仓库与对象,components/ILIAS/Folder,True,False,True,False,False,False,18,0,1
Group,仓库与对象,components/ILIAS/Group,True,False,True,False,False,True,29,7,1
GroupReference,仓库与对象,components/ILIAS/GroupReference,True,False,True,False,False,False,11,0,0
ILIASObject,仓库与对象,components/ILIAS/ILIASObject,False,True,True,True,False,True,112,13,2
ItemGroup,仓库与对象,components/ILIAS/ItemGroup,True,False,True,True,True,True,22,1,1
MediaObjects,仓库与对象,components/ILIAS/MediaObjects,False,True,True,True,True,True,71,9,2
RemoteCategory,仓库与对象,components/ILIAS/RemoteCategory,True,False,True,False,False,False,5,0,0
RemoteCourse,仓库与对象,components/ILIAS/RemoteCourse,True,False,True,False,False,False,5,0,0
RemoteGroup,仓库与对象,components/ILIAS/RemoteGroup,True,False,True,False,False,False,5,0,0
Repository,仓库与对象,components/ILIAS/Repository,False,True,True,True,True,True,98,9,3
RootFolder,仓库与对象,components/ILIAS/RootFolder,True,False,True,False,False,False,13,0,1
StudyProgrammeReference,仓库与对象,components/ILIAS/StudyProgrammeReference,True,False,False,False,False,False,5,0,0
SystemFolder,仓库与对象,components/ILIAS/SystemFolder,True,False,True,False,False,False,14,6,0
Tree,仓库与对象,components/ILIAS/Tree,False,True,True,False,False,False,19,1,1
WorkspaceFolder,仓库与对象,components/ILIAS/WorkspaceFolder,True,False,True,False,False,False,18,3,1
WorkspaceRootFolder,仓库与对象,components/ILIAS/WorkspaceRootFolder,True,False,True,False,False,False,6,0,1
ADT,其他组件,components/ILIAS/ADT,False,False,True,False,False,False,110,0,2
Accessibility,其他组件,components/ILIAS/Accessibility,False,True,True,False,False,True,47,3,1
ActiveRecord,其他组件,components/ILIAS/ActiveRecord,False,False,True,True,False,False,36,5,2
Administration,其他组件,components/ILIAS/Administration,False,True,True,False,False,False,26,4,1
App,其他组件,components/ILIAS/App,False,False,False,True,False,False,2,0,1
Bibliographic,其他组件,components/ILIAS/Bibliographic,True,False,True,False,True,True,93,6,2
CSV,其他组件,components/ILIAS/CSV,False,False,False,False,False,False,4,0,0
Chart,其他组件,components/ILIAS/Chart,False,False,True,False,False,False,13,1,1
Cloud,其他组件,components/ILIAS/Cloud,False,False,False,True,False,False,3,0,0
Component,其他组件,components/ILIAS/Component,False,True,True,True,False,True,98,0,31
Context,其他组件,components/ILIAS/Context,False,False,True,False,False,False,23,0,3
CopyWizard,其他组件,components/ILIAS/CopyWizard,False,False,True,False,False,False,3,1,1
Data,其他组件,components/ILIAS/Data,False,False,True,True,False,False,88,0,29
DataCollection,其他组件,components/ILIAS/DataCollection,True,False,True,False,False,True,145,9,0
DataSet,其他组件,components/ILIAS/DataSet,False,True,True,False,False,False,5,0,1
EmployeeTalk,其他组件,components/ILIAS/EmployeeTalk,True,False,True,True,False,True,54,1,2
Environment,其他组件,components/ILIAS/Environment,False,False,True,False,False,False,4,0,2
Excel,其他组件,components/ILIAS/Excel,False,False,True,True,False,False,3,0,1
Exceptions,其他组件,components/ILIAS/Exceptions,False,False,True,False,False,False,7,0,1
Export,其他组件,components/ILIAS/Export,False,True,True,True,False,True,433,6,34
Feeds,其他组件,components/ILIAS/Feeds,False,False,True,False,False,True,8,0,1
Help,其他组件,components/ILIAS/Help,False,True,True,True,True,True,40,3,1
History,其他组件,components/ILIAS/History,False,False,True,False,False,False,4,1,1
Html,其他组件,components/ILIAS/Html,False,False,True,False,False,False,12,0,4
Imprint,其他组件,components/ILIAS/Imprint,False,True,True,False,False,False,10,0,1
InfoScreen,其他组件,components/ILIAS/InfoScreen,False,False,True,True,True,True,9,2,1
Init,其他组件,components/ILIAS/Init,False,True,True,False,False,True,32,15,4
KioskMode,其他组件,components/ILIAS/KioskMode,False,False,True,True,False,False,8,0,1
KioskMode_,其他组件,components/ILIAS/KioskMode_,False,False,True,True,False,False,5,0,2
Language,其他组件,components/ILIAS/Language,False,True,True,True,False,True,39,5,5
LearningHistory,其他组件,components/ILIAS/LearningHistory,False,True,True,True,False,True,20,3,1
LegalDocuments,其他组件,components/ILIAS/LegalDocuments,False,True,True,True,False,False,192,4,76
Link,其他组件,components/ILIAS/Link,False,True,True,True,False,True,2,0,0
Locator,其他组件,components/ILIAS/Locator,False,False,True,False,False,False,3,2,1
Maps,其他组件,components/ILIAS/Maps,False,False,True,False,False,True,6,4,1
Math,其他组件,components/ILIAS/Math,False,False,True,False,False,False,13,0,4
MathJax,其他组件,components/ILIAS/MathJax,False,False,True,True,False,False,18,0,5
Migration,其他组件,components/ILIAS/Migration,False,False,True,False,False,True,2,0,0
MyStaff,其他组件,components/ILIAS/MyStaff,False,True,True,True,False,True,27,4,0
PermanentLink,其他组件,components/ILIAS/PermanentLink,False,False,False,False,False,False,2,0,0
RTE,其他组件,components/ILIAS/RTE,False,False,True,False,False,False,7,1,3
Randomization,其他组件,components/ILIAS/Randomization,False,True,True,False,False,False,3,0,1
Refinery,其他组件,components/ILIAS/Refinery,False,False,True,True,False,False,195,0,84
Search,其他组件,components/ILIAS/Search,False,True,True,True,False,True,93,22,2
Session,其他组件,components/ILIAS/Session,True,False,True,False,False,True,32,9,1
StaticURL,其他组件,components/ILIAS/StaticURL,False,False,False,True,False,False,27,0,3
StudyProgramme,其他组件,components/ILIAS/StudyProgramme,True,False,True,False,False,True,145,20,23
SystemCheck,其他组件,components/ILIAS/SystemCheck,False,True,True,False,False,True,17,2,1
Tasks,其他组件,components/ILIAS/Tasks,False,True,True,True,False,True,20,0,7
Types,其他组件,components/ILIAS/Types,False,False,False,True,False,False,2,0,1
Utilities,其他组件,components/ILIAS/Utilities,False,False,True,False,False,False,13,1,3
Verification,其他组件,components/ILIAS/Verification,False,False,True,False,False,False,7,0,1
VirusScanner,其他组件,components/ILIAS/VirusScanner,False,False,True,True,False,False,18,0,4
WOPI,其他组件,components/ILIAS/WOPI,False,True,True,True,False,False,27,1,0
WebAccessChecker,其他组件,components/ILIAS/WebAccessChecker,False,False,True,True,False,True,15,0,3
WebResource,其他组件,components/ILIAS/WebResource,True,False,True,False,False,True,44,6,6
Xml,其他组件,components/ILIAS/Xml,False,False,True,False,False,False,7,0,1
soap,其他组件,components/ILIAS/soap,False,False,False,False,False,False,47,0,1
AdvancedMetaData,内容与元数据,components/ILIAS/AdvancedMetaData,False,True,True,True,False,True,137,8,9
COPage,内容与元数据,components/ILIAS/COPage,False,True,True,True,True,True,264,40,42
Like,内容与元数据,components/ILIAS/Like,False,False,True,True,False,False,13,3,1
MetaData,内容与元数据,components/ILIAS/MetaData,False,True,True,True,True,True,653,4,82
PersonalWorkspace,内容与元数据,components/ILIAS/PersonalWorkspace,False,True,True,False,True,True,23,2,1
Portfolio,内容与元数据,components/ILIAS/Portfolio,True,False,True,False,True,True,60,8,1
Rating,内容与元数据,components/ILIAS/Rating,False,False,True,True,True,True,10,5,1
Tagging,内容与元数据,components/ILIAS/Tagging,False,True,True,False,True,True,12,6,1
Taxonomy,内容与元数据,components/ILIAS/Taxonomy,False,True,True,False,True,True,39,4,1
Accordion,平台服务,components/ILIAS/Accordion,False,True,True,False,False,False,5,1,1
AdvancedEditing,平台服务,components/ILIAS/AdvancedEditing,False,True,True,False,False,False,8,0,1
BackgroundTasks,平台服务,components/ILIAS/BackgroundTasks,False,False,True,True,False,False,70,0,5
BackgroundTasks_,平台服务,components/ILIAS/BackgroundTasks_,False,True,True,False,False,True,18,0,0
Cache,平台服务,components/ILIAS/Cache,False,False,False,True,False,False,18,0,1
Cache_,平台服务,components/ILIAS/Cache_,False,False,True,False,False,False,4,0,1
Conditions,平台服务,components/ILIAS/Conditions,False,False,True,True,False,True,22,2,1
Cron,平台服务,components/ILIAS/Cron,False,True,True,True,False,True,28,1,4
DI,平台服务,components/ILIAS/DI,False,False,True,True,False,False,8,0,2
Database,平台服务,components/ILIAS/Database,False,True,True,True,False,True,77,1,13
DidacticTemplate,平台服务,components/ILIAS/DidacticTemplate,False,True,True,False,False,False,29,1,1
EventHandling,平台服务,components/ILIAS/EventHandling,False,True,True,False,False,False,13,0,1
GlobalCache,平台服务,components/ILIAS/GlobalCache,False,False,False,True,False,False,2,0,1
GlobalCache_,平台服务,components/ILIAS/GlobalCache_,False,False,True,False,True,True,7,0,0
HTTP,平台服务,components/ILIAS/HTTP,False,False,True,True,False,False,40,0,6
Http_,平台服务,components/ILIAS/Http_,False,False,True,False,False,False,9,0,0
Logging,平台服务,components/ILIAS/Logging,False,True,True,True,False,True,31,1,3
ResourceStorage,平台服务,components/ILIAS/ResourceStorage,False,True,True,True,False,True,248,0,19
Setup,平台服务,components/ILIAS/Setup,False,False,False,True,False,False,92,0,30
WebDAV,平台服务,components/ILIAS/WebDAV,False,True,True,True,False,True,55,1,7
WebServices,平台服务,components/ILIAS/WebServices,False,True,True,False,False,False,115,11,3
setup_,平台服务,components/ILIAS/setup_,False,False,False,True,False,False,22,0,0
AdministrativeNotification,沟通协作,components/ILIAS/AdministrativeNotification,False,True,False,False,True,True,16,1,1
Awareness,沟通协作,components/ILIAS/Awareness,False,True,True,True,False,True,29,2,1
BookingManager,沟通协作,components/ILIAS/BookingManager,True,False,True,True,True,True,96,12,1
Calendar,沟通协作,components/ILIAS/Calendar,False,True,True,True,False,True,141,35,1
Chatroom,沟通协作,components/ILIAS/Chatroom,True,False,True,True,False,True,55,9,8
Contact,沟通协作,components/ILIAS/Contact,False,True,True,False,True,True,96,22,20
Forum,沟通协作,components/ILIAS/Forum,True,False,True,False,True,True,84,19,5
Mail,沟通协作,components/ILIAS/Mail,False,True,True,True,True,True,190,10,22
News,沟通协作,components/ILIAS/News,False,True,True,True,True,True,57,12,1
Notes,沟通协作,components/ILIAS/Notes,False,True,True,True,True,True,41,3,1
Notification,沟通协作,components/ILIAS/Notification,False,True,True,False,False,False,7,0,1
Notifications,沟通协作,components/ILIAS/Notifications,False,True,True,True,False,True,30,1,3
OnScreenChat,沟通协作,components/ILIAS/OnScreenChat,False,True,True,False,False,False,15,3,4
AssessmentQuestion,测试评估,components/ILIAS/AssessmentQuestion,False,False,True,False,False,False,20,0,0
Badge,测试评估,components/ILIAS/Badge,False,True,True,True,False,True,57,2,7
Certificate,测试评估,components/ILIAS/Certificate,False,True,True,True,True,True,128,4,34
IndividualAssessment,测试评估,components/ILIAS/IndividualAssessment,True,False,True,False,True,True,47,2,11
Poll,测试评估,components/ILIAS/Poll,True,False,True,True,True,True,61,3,1
QTI,测试评估,components/ILIAS/QTI,False,False,True,False,False,False,62,0,29
RemoteTest,测试评估,components/ILIAS/RemoteTest,True,False,True,False,False,False,5,0,2
Skill,测试评估,components/ILIAS/Skill,False,True,True,True,True,True,139,17,7
Survey,测试评估,components/ILIAS/Survey,True,False,True,True,True,True,135,45,1
SurveyQuestionPool,测试评估,components/ILIAS/SurveyQuestionPool,True,False,True,True,False,True,51,30,1
Test,测试评估,components/ILIAS/Test,True,False,True,False,False,True,499,68,239
TestQuestionPool,测试评估,components/ILIAS/TestQuestionPool,True,False,True,False,True,False,676,107,327
Tracking,测试评估,components/ILIAS/Tracking,False,True,True,True,False,True,82,25,2
AccessControl,用户与权限,components/ILIAS/AccessControl,False,True,True,True,True,True,52,20,1
AuthApache,用户与权限,components/ILIAS/AuthApache,False,False,True,False,False,False,6,0,2
AuthShibboleth,用户与权限,components/ILIAS/AuthShibboleth,False,True,True,True,False,False,21,2,1
Authentication,用户与权限,components/ILIAS/Authentication,False,True,True,True,False,True,73,6,2
CAS,用户与权限,components/ILIAS/CAS,False,False,True,False,False,False,7,0,1
DataProtection,用户与权限,components/ILIAS/DataProtection,False,True,True,True,False,False,12,0,4
LDAP,用户与权限,components/ILIAS/LDAP,False,True,True,False,False,False,31,5,1
MediaCast,用户与权限,components/ILIAS/MediaCast,True,False,True,True,True,True,47,6,1
Membership,用户与权限,components/ILIAS/Membership,False,True,True,True,False,True,33,9,1
OpenIdConnect,用户与权限,components/ILIAS/OpenIdConnect,False,True,True,False,False,False,10,1,0
OrgUnit,用户与权限,components/ILIAS/OrgUnit,True,False,True,False,False,True,115,8,10
Password,用户与权限,components/ILIAS/Password,False,False,True,False,False,False,15,0,6
PrivacySecurity,用户与权限,components/ILIAS/PrivacySecurity,False,True,True,False,False,False,13,0,1
Registration,用户与权限,components/ILIAS/Registration,False,False,True,False,False,False,18,7,1
SOAPAuth,用户与权限,components/ILIAS/SOAPAuth,False,False,True,True,False,False,6,0,0
Saml,用户与权限,components/ILIAS/Saml,False,True,True,True,False,False,31,2,3
TermsOfService,用户与权限,components/ILIAS/TermsOfService,False,True,True,True,False,False,11,2,4
User,用户与权限,components/ILIAS/User,False,True,True,True,False,True,130,18,7
Block,界面与前端,components/ILIAS/Block,False,False,True,False,False,False,15,2,1
Dashboard,界面与前端,components/ILIAS/Dashboard,False,True,True,False,False,True,41,8,1
Form,界面与前端,components/ILIAS/Form,False,False,True,False,False,False,51,36,1
GlobalScreen,界面与前端,components/ILIAS/GlobalScreen,False,False,True,True,False,False,286,0,21
GlobalScreen_,界面与前端,components/ILIAS/GlobalScreen_,False,True,True,False,False,True,41,0,1
JavaScript,界面与前端,components/ILIAS/JavaScript,False,False,True,False,False,False,1,0,0
MainMenu,界面与前端,components/ILIAS/MainMenu,False,True,True,False,False,True,40,3,1
Style,界面与前端,components/ILIAS/Style,False,True,True,False,False,False,124,22,66
Table,界面与前端,components/ILIAS/Table,False,True,True,False,False,True,9,2,1
UI,界面与前端,components/ILIAS/UI,False,False,True,True,False,False,1300,134,230
UIComponent,界面与前端,components/ILIAS/UIComponent,False,True,True,True,False,True,40,17,1
UICore,界面与前端,components/ILIAS/UICore,False,False,True,True,False,True,92,0,41
UI_,界面与前端,components/ILIAS/UI_,False,False,False,True,False,False,11,0,1
jQuery,界面与前端,components/ILIAS/jQuery,False,False,True,False,False,False,3,0,1
Blog,课程与学习资源,components/ILIAS/Blog,True,False,True,True,True,True,54,12,1
CmiXapi,课程与学习资源,components/ILIAS/CmiXapi,True,False,True,True,True,False,72,4,2
ContentPage,课程与学习资源,components/ILIAS/ContentPage,True,False,True,False,False,True,37,0,4
Exercise,课程与学习资源,components/ILIAS/Exercise,True,False,True,True,True,True,194,26,5
File,课程与学习资源,components/ILIAS/File,True,False,True,False,True,True,99,2,2
FileDelivery,课程与学习资源,components/ILIAS/FileDelivery,False,False,False,True,False,True,74,0,4
FileServices,课程与学习资源,components/ILIAS/FileServices,False,True,False,True,False,True,23,0,2
FileUpload,课程与学习资源,components/ILIAS/FileUpload,False,False,True,True,False,False,50,0,11
Filesystem,课程与学习资源,components/ILIAS/Filesystem,False,True,True,True,False,False,105,1,28
Glossary,课程与学习资源,components/ILIAS/Glossary,True,False,True,True,True,True,88,4,5
HTMLLearningModule,课程与学习资源,components/ILIAS/HTMLLearningModule,True,False,True,True,True,True,24,0,1
LTIConsumer,课程与学习资源,components/ILIAS/LTIConsumer,True,False,True,False,True,True,59,13,2
LTIProvider,课程与学习资源,components/ILIAS/LTIProvider,False,True,True,False,True,True,25,3,2
LearningModule,课程与学习资源,components/ILIAS/LearningModule,True,False,True,True,True,True,101,30,1
LearningSequence,课程与学习资源,components/ILIAS/LearningSequence,True,False,True,True,False,True,97,5,18
MediaPool,课程与学习资源,components/ILIAS/MediaPool,True,False,True,True,True,True,53,5,1
Multilingualism,课程与学习资源,components/ILIAS/Multilingualism,False,False,True,True,False,False,6,0,1
RemoteFile,课程与学习资源,components/ILIAS/RemoteFile,True,False,True,False,False,False,5,0,0
RemoteGlossary,课程与学习资源,components/ILIAS/RemoteGlossary,True,False,True,False,False,False,5,0,0
RemoteLearningModule,课程与学习资源,components/ILIAS/RemoteLearningModule,True,False,True,False,False,False,5,0,0
RemoteWiki,课程与学习资源,components/ILIAS/RemoteWiki,True,False,True,False,False,False,5,0,0
Scorm2004,课程与学习资源,components/ILIAS/Scorm2004,True,False,True,False,False,False,36,16,3
ScormAicc,课程与学习资源,components/ILIAS/ScormAicc,True,False,True,False,False,False,62,25,6
Wiki,课程与学习资源,components/ILIAS/Wiki,True,False,True,True,True,True,81,18,1
