requirement_id,domain,title,evidence_level,description,acceptance,evidence
CV-ACC-001,账户与租户管理,租户账户层级管理,CONFIRMED_BY_CODE,机构管理员可以维护根账户、子账户、账户设置和账户关系，系统以 Account 作为课程、用户、工具和配置的租户边界。,账户、子账户、账户设置、统计、服务条款、账户日历等功能需要在账户上下文下工作。,"controller:AccountCalendarsApiController `canvas-lms-master/app/controllers/account_calendars_api_controller.rb:104` | controller:AccountNotificationsController `canvas-lms-master/app/controllers/account_notifications_controller.rb:83` | controller:SubAccountsController `canvas-lms-master/app/controllers/sub_accounts_controller.rb:23` | controller:DeveloperKeyAccountBindingsController `canvas-lms-master/app/controllers/developer_key_account_bindings_controller.rb:57` | route:get ""acceptable_use_policy"", to: ""accounts#acceptable_use_policy"" `canvas-lms-master/config/routes.rb:39` | route:resources :accounts do `canvas-lms-master/config/routes.rb:731` | route:get ""search"" => ""accounts#course_user_search"", :as => :course_user_search `canvas-lms-master/config/routes.rb:741` | route:post ""account_users"" => ""accounts#add_account_user"", :as => :add_account_user `canvas-lms-master/config/routes.rb:742` | model:AccountNotification `canvas-lms-master/app/models/account_notification.rb:20` | model:Account `canvas-lms-master/app/models/account.rb:21` | model:DeveloperKeyAccountBinding `canvas-lms-master/app/models/developer_key_account_binding.rb:21` | model:UserAccountAssociation `canvas-lms-master/app/models/user_account_association.rb:21`"
CV-ACC-002,账户与租户管理,角色与权限覆盖,CONFIRMED_BY_CODE,系统支持按账户配置角色、管理员、权限覆盖和用户账户关联。,管理员可授予/撤销账户管理员，调整角色权限，限制功能访问。,"controller:RoleOverridesController `canvas-lms-master/app/controllers/role_overrides_controller.rb:173` | controller:AdminsController `canvas-lms-master/app/controllers/admins_controller.rb:49` | controller:NamesAndRolesController `canvas-lms-master/app/controllers/lti/ims/names_and_roles_controller.rb:264` | route:resources :permissions, controller: :role_overrides, only: [:index, :create] do `canvas-lms-master/config/routes.rb:749` | route:post :add_role `canvas-lms-master/config/routes.rb:751` | route:delete :remove_role `canvas-lms-master/config/routes.rb:752` | route:resources :role_overrides, only: [:index, :create] do `canvas-lms-master/config/routes.rb:771` | model:AccountNotificationRole `canvas-lms-master/app/models/account_notification_role.rb:21` | model:AccountUser `canvas-lms-master/app/models/account_user.rb:21` | model:Role `canvas-lms-master/app/models/role.rb:21` | model:RoleOverride `canvas-lms-master/app/models/role_override.rb:21` | table:account_notification_roles `canvas-lms-master/db/migrate/20101210192618_init_canvas_db.rb:466`"
CV-ACC-003,账户与租户管理,认证方式与开发者密钥,CONFIRMED_BY_CODE,系统支持 Authentication Provider、OAuth、Developer Key、品牌配置和 CSP 安全设置。,外部登录、第三方客户端/API、品牌化和安全策略可按账户配置。,"controller:CspSettingsController `canvas-lms-master/app/controllers/csp_settings_controller.rb:27` | controller:BrandConfigsApiController `canvas-lms-master/app/controllers/brand_configs_api_controller.rb:21` | controller:AuthenticationProvidersController `canvas-lms-master/app/controllers/authentication_providers_controller.rb:233` | controller:DeveloperKeysController `canvas-lms-master/app/controllers/developer_keys_controller.rb:193` | route:get ""oauth/redirect_proxy"" => ""oauth_proxy#redirect_proxy"" `canvas-lms-master/config/routes.rb:50` | route:get ""oauth"" => ""users#oauth"" `canvas-lms-master/config/routes.rb:81` | route:get ""oauth_success"" => ""users#oauth_success"" `canvas-lms-master/config/routes.rb:82` | route:get ""login/oauth/callback"" => ""login/oauth#create"", :as => :oauth_login_callback `canvas-lms-master/config/routes.rb:966` | model:OAuthClientConfig `canvas-lms-master/app/models/oauth_client_config.rb:25` | model:DeveloperKeyAccountBinding `canvas-lms-master/app/models/developer_key_account_binding.rb:21` | model:SharedBrandConfig `canvas-lms-master/app/models/shared_brand_config.rb:20` | model:DeveloperKey `canvas-lms-master/app/models/developer_key.rb:23`"
CV-USR-001,用户、身份与沟通,用户身份与资料,CONFIRMED_BY_CODE,系统支持用户、登录身份 Pseudonym、个人资料、头像、通信渠道和用户搜索。,用户可维护资料，系统可按课程/账户上下文展示用户信息。,"controller:LmgbUserDetailsController `canvas-lms-master/app/controllers/lmgb_user_details_controller.rb:21` | controller:DiscussionTopicUsersController `canvas-lms-master/app/controllers/discussion_topic_users_controller.rb:19` | controller:UsersController `canvas-lms-master/app/controllers/users_controller.rb:82` | controller:CommunicationChannelsController `canvas-lms-master/app/controllers/communication_channels_controller.rb:89` | route:match ""register/:nonce"" => ""communication_channels#confirm"", :as => :registration_confirmation, :via => [:get, :post] `canvas-lms-master/config/routes.rb:71` | route:post ""confirmations/:user_id/re_send(/:id)"" => ""communication_channels#re_send_confirmation"", :as => :re_send_confirmation, :id => nil `canvas-lms-master/config/routes.rb:74` | route:get ""confirmations/:user_id/limit_reached(/:id)"" => ""communication_channels#confirmation_limit_reached"", :as => :confirmation_limit_reached, :id => nil `canvas-lms-master/config/routes.rb:75` | route:get ""media_download"" => ""users#media_download"" `canvas-lms-master/config/routes.rb:144` | model:UserPastLtiId `canvas-lms-master/app/models/user_past_lti_id.rb:45` | model:UserProfile `canvas-lms-master/app/models/user_profile.rb:21` | model:UserMergeData `canvas-lms-master/app/models/user_merge_data.rb:20` | model:UserMergeDataRecord `canvas-lms-master/app/models/user_merge_data_record.rb:20`"
CV-USR-002,用户、身份与沟通,站内消息与会话,CONFIRMED_BY_CODE,系统支持 conversations、conversation messages、收件箱、未读/星标/归档等消息视图。,用户可发送、回复、归档、标记消息，系统保存参与者与消息记录。,"controller:ConversationsController `canvas-lms-master/app/controllers/conversations_controller.rb:153` | controller:AiConversationsController `canvas-lms-master/app/controllers/ai_conversations_controller.rb:23` | route:get ""inbox"" => ""context#inbox"" `canvas-lms-master/config/routes.rb:49` | route:get ""conversations/unread"" => ""conversations#index"", :as => :conversations_unread, :redirect_scope => ""unread"" `canvas-lms-master/config/routes.rb:52` | route:get ""conversations/starred"" => ""conversations#index"", :as => :conversations_starred, :redirect_scope => ""starred"" `canvas-lms-master/config/routes.rb:53` | route:get ""conversations/sent"" => ""conversations#index"", :as => :conversations_sent, :redirect_scope => ""sent"" `canvas-lms-master/config/routes.rb:54` | model:ConversationMessageParticipant `canvas-lms-master/app/models/conversation_message_participant.rb:21` | model:AiConversation `canvas-lms-master/app/models/ai_conversation.rb:20` | model:Conversation `canvas-lms-master/app/models/conversation.rb:21` | model:ConversationMessage `canvas-lms-master/app/models/conversation_message.rb:21` | table:ai_conversations `canvas-lms-master/db/migrate/20251014000001_create_ai_conversations.rb:24` | table:conversations `canvas-lms-master/db/migrate/20101210192618_init_canvas_db.rb:1720`"
CV-USR-003,用户、身份与沟通,通知偏好与通信渠道,CONFIRMED_BY_CODE,系统支持通知偏好、邮件/通信渠道确认、通知记录和反弹处理。,用户可配置不同事件的通知方式，系统按渠道投递。,"controller:CommMessagesApiController `canvas-lms-master/app/controllers/comm_messages_api_controller.rb:101` | controller:NotificationPreferencesController `canvas-lms-master/app/controllers/notification_preferences_controller.rb:60` | controller:CommunicationChannelsController `canvas-lms-master/app/controllers/communication_channels_controller.rb:89` | route:match ""register/:nonce"" => ""communication_channels#confirm"", :as => :registration_confirmation, :via => [:get, :post] `canvas-lms-master/config/routes.rb:71` | route:post ""confirmations/:user_id/re_send(/:id)"" => ""communication_channels#re_send_confirmation"", :as => :re_send_confirmation, :id => nil `canvas-lms-master/config/routes.rb:74` | route:get ""confirmations/:user_id/limit_reached(/:id)"" => ""communication_channels#confirmation_limit_reached"", :as => :confirmation_limit_reached, :id => nil `canvas-lms-master/config/routes.rb:75` | route:resources :communication_channels `canvas-lms-master/config/routes.rb:1074` | model:ConversationMessageParticipant `canvas-lms-master/app/models/conversation_message_participant.rb:21` | model:UserPastLtiId `canvas-lms-master/app/models/user_past_lti_id.rb:45` | model:UserProfile `canvas-lms-master/app/models/user_profile.rb:21` | model:UserMergeData `canvas-lms-master/app/models/user_merge_data.rb:20` | table:communication_channels `canvas-lms-master/db/migrate/20101210192618_init_canvas_db.rb:1383`"
CV-CRS-001,课程、班级与选课,课程生命周期管理,CONFIRMED_BY_CODE,系统支持课程创建、设置、发布/归档、统计、课程导航、课程昵称和课程报表。,课程是教学内容、用户、作业、评分、文件和讨论的主要上下文。,"controller:CourseNicknamesController `canvas-lms-master/app/controllers/course_nicknames_controller.rb:54` | controller:CoursesController `canvas-lms-master/app/controllers/courses_controller.rb:350` | controller:CourseTagConversionController `canvas-lms-master/app/controllers/course_tag_conversion_controller.rb:20` | controller:CourseReportsController `canvas-lms-master/app/controllers/course_reports_controller.rb:84` | route:resources :courses do `canvas-lms-master/config/routes.rb:199` | route:get ""self_enrollment/:self_enrollment"" => ""courses#self_enrollment"", :as => :self_enrollment `canvas-lms-master/config/routes.rb:201` | route:post ""self_unenrollment/:self_unenrollment"" => ""courses#self_unenrollment"", :as => :self_unenrollment `canvas-lms-master/config/routes.rb:202` | route:post ""move_enrollment/:id"" => ""courses#move_enrollment"", :as => :move_enrollment `canvas-lms-master/config/routes.rb:212` | model:CourseSection `canvas-lms-master/app/models/course_section.rb:21` | model:CourseProgress `canvas-lms-master/app/models/course_progress.rb:21` | model:CourseReport `canvas-lms-master/app/models/course_report.rb:21` | model:CourseScoreStatistic `canvas-lms-master/app/models/course_score_statistic.rb:21`"
CV-CRS-002,课程、班级与选课,班级与选课管理,CONFIRMED_BY_CODE,系统支持 Section、Enrollment、教师/学生/设计者/观察者等选课类型和跨班级操作。,管理员或教师可添加、移动、结束、恢复用户选课。,"controller:SelfEnrollmentsController `canvas-lms-master/app/controllers/self_enrollments_controller.rb:21` | controller:SectionsController `canvas-lms-master/app/controllers/sections_controller.rb:95` | controller:EnrollmentsApiController `canvas-lms-master/app/controllers/enrollments_api_controller.rb:327` | controller:TemporaryEnrollmentPairingsApiController `canvas-lms-master/app/controllers/temporary_enrollment_pairings_api_controller.rb:41` | route:get ""self_enrollment/:self_enrollment"" => ""courses#self_enrollment"", :as => :self_enrollment `canvas-lms-master/config/routes.rb:201` | route:post ""self_unenrollment/:self_unenrollment"" => ""courses#self_unenrollment"", :as => :self_unenrollment `canvas-lms-master/config/routes.rb:202` | route:post :enrollment_invitation `canvas-lms-master/config/routes.rb:206` | route:post ""move_enrollment/:id"" => ""courses#move_enrollment"", :as => :move_enrollment `canvas-lms-master/config/routes.rb:212` | model:CourseSection `canvas-lms-master/app/models/course_section.rb:21` | model:EnrollmentTerm `canvas-lms-master/app/models/enrollment_term.rb:21` | model:TeacherEnrollment `canvas-lms-master/app/models/teacher_enrollment.rb:21` | model:StudentViewEnrollment `canvas-lms-master/app/models/student_view_enrollment.rb:21`"
CV-CRS-003,课程、班级与选课,学期与评分周期,CONFIRMED_BY_CODE,系统支持 EnrollmentTerm、GradingPeriod、GradingPeriodSet，影响课程可见性和成绩归档。,课程和成绩计算需要绑定学期与评分周期。,"controller:GradingPeriodSetsController `canvas-lms-master/app/controllers/grading_period_sets_controller.rb:46` | controller:GradingPeriodsController `canvas-lms-master/app/controllers/grading_periods_controller.rb:70` | route:scope(controller: :grading_periods) do `canvas-lms-master/config/routes.rb:2705` | route:get ""courses/:course_id/grading_periods"", action: :index, as: :course_grading_periods `canvas-lms-master/config/routes.rb:2709` | route:get ""courses/:course_id/grading_periods/:id"", action: :show, as: :course_grading_period `canvas-lms-master/config/routes.rb:2710` | route:patch ""courses/:course_id/grading_periods/batch_update"", `canvas-lms-master/config/routes.rb:2711` | model:EnrollmentTerm `canvas-lms-master/app/models/enrollment_term.rb:21` | model:GradingPeriod `canvas-lms-master/app/models/grading_period.rb:21` | model:GradingPeriodGroup `canvas-lms-master/app/models/grading_period_group.rb:21` | table:grading_periods `canvas-lms-master/db/migrate/20101210192618_init_canvas_db.rb:2672` | frontend_feature:ui/features/acceptable_use_policy `canvas-lms-master/ui/features/acceptable_use_policy:1` | frontend_feature:ui/features/all_courses `canvas-lms-master/ui/features/all_courses:1`"
CV-ASG-001,作业、提交与评分,作业与作业组管理,CONFIRMED_BY_CODE,教师可创建、编辑、发布作业和作业组，设置截止时间、提交方式、评分规则和差异化分配。,作业属于课程，可关联评分簿、提交、Rubric、LTI、新测验等。,"controller:AssignmentOverridesController `canvas-lms-master/app/controllers/assignment_overrides_controller.rb:113` | controller:AssignmentsController `canvas-lms-master/app/controllers/assignments_controller.rb:22` | controller:AssignmentGroupsController `canvas-lms-master/app/controllers/assignment_groups_controller.rb:96` | controller:AssignmentExtensionsController `canvas-lms-master/app/controllers/assignment_extensions_controller.rb:51` | route:get ""submissions_upload/:assignment_id"" => ""gradebooks#show_submissions_upload"", :as => :show_submissions_upload `canvas-lms-master/config/routes.rb:235` | route:post ""submissions_upload/:assignment_id"" => ""gradebooks#submissions_zip_upload"", :as => :submissions_upload `canvas-lms-master/config/routes.rb:236` | route:post ""save_assignment_order"" => ""gradebooks#save_assignment_order"", :as => :save_assignment_order `canvas-lms-master/config/routes.rb:265` | route:resources :assignments do `canvas-lms-master/config/routes.rb:270` | model:AssignmentGroup `canvas-lms-master/app/models/assignment_group.rb:21` | model:AssignmentOverrideStudent `canvas-lms-master/app/models/assignment_override_student.rb:21` | model:Assignment `canvas-lms-master/app/models/assignment.rb:21` | model:AssignmentEmbedding `canvas-lms-master/app/models/assignment_embedding.rb:19`"
CV-ASG-002,作业、提交与评分,学生提交与评论,CONFIRMED_BY_CODE,学生可提交作业，系统保存 Submission、附件、文本、评论和重交记录。,教师、学生、观察者按权限查看提交状态和反馈。,"controller:SubmissionsBaseController `canvas-lms-master/app/controllers/submissions_base_controller.rb:21` | controller:SubmissionCommentsApiController `canvas-lms-master/app/controllers/submission_comments_api_controller.rb:24` | controller:AnonymousSubmissionsController `canvas-lms-master/app/controllers/anonymous_submissions_controller.rb:21` | controller:SubmissionsApiController `canvas-lms-master/app/controllers/submissions_api_controller.rb:213` | route:resources :submissions, only: [] do `canvas-lms-master/config/routes.rb:41` | route:resources :submission_comments, path: :comments, only: :index, defaults: { format: :pdf } `canvas-lms-master/config/routes.rb:42` | route:resources :submission_comments, only: [:update, :destroy] `canvas-lms-master/config/routes.rb:45` | route:get ""submissions_upload/:assignment_id"" => ""gradebooks#show_submissions_upload"", :as => :show_submissions_upload `canvas-lms-master/config/routes.rb:235` | model:SubmissionText `canvas-lms-master/app/models/submission_text.rb:21` | model:SubmissionComment `canvas-lms-master/app/models/submission_comment.rb:21` | model:SubmissionVersion `canvas-lms-master/app/models/submission_version.rb:21` | model:Submission `canvas-lms-master/app/models/submission.rb:23`"
CV-ASG-003,作业、提交与评分,成绩簿与评分,CONFIRMED_BY_CODE,教师可通过 Gradebook、SpeedGrader、Rubric、临时/匿名评分、Late Policy 管理成绩。,系统记录成绩变更审计，支持导入/导出成绩。,"controller:GradebookSettingsController `canvas-lms-master/app/controllers/gradebook_settings_controller.rb:21` | controller:GradeChangeAuditApiController `canvas-lms-master/app/controllers/grade_change_audit_api_controller.rb:125` | controller:RubricAssessmentsController `canvas-lms-master/app/controllers/rubric_assessments_controller.rb:25` | controller:GradebookUploadsController `canvas-lms-master/app/controllers/gradebook_uploads_controller.rb:21` | route:get ""submissions_upload/:assignment_id"" => ""gradebooks#show_submissions_upload"", :as => :show_submissions_upload `canvas-lms-master/config/routes.rb:235` | route:post ""submissions_upload/:assignment_id"" => ""gradebooks#submissions_zip_upload"", :as => :submissions_upload `canvas-lms-master/config/routes.rb:236` | route:get ""grades"" => ""gradebooks#grade_summary"", :id => nil `canvas-lms-master/config/routes.rb:262` | route:get ""grading_rubrics"" => ""gradebooks#grading_rubrics"" `canvas-lms-master/config/routes.rb:263` | model:RubricAssessmentImport `canvas-lms-master/app/models/rubric_assessment_import.rb:21` | model:RubricCriterion `canvas-lms-master/app/models/rubric_criterion.rb:20` | model:GradebookUpload `canvas-lms-master/app/models/gradebook_upload.rb:21` | model:is `canvas-lms-master/app/models/rubric_association.rb:24`"
CV-ASG-004,作业、提交与评分,同伴互评与匿名/调节评分,CONFIRMED_BY_CODE,系统支持 Peer Review、Anonymous Submission、Moderation、Provisional Grade。,复杂评分流程可按作业启用，教师可调节最终成绩。,"controller:PeerReviewsApiController `canvas-lms-master/app/controllers/peer_reviews_api_controller.rb:76` | controller:AnonymousProvisionalGradesController `canvas-lms-master/app/controllers/anonymous_provisional_grades_controller.rb:24` | controller:ProvisionalGradesBaseController `canvas-lms-master/app/controllers/provisional_grades_base_controller.rb:21` | controller:ProvisionalGradesController `canvas-lms-master/app/controllers/provisional_grades_controller.rb:72` | route:get ""anonymous_submissions/:anonymous_id"", `canvas-lms-master/config/routes.rb:273` | route:get ""anonymous_submissions/:anonymous_id"", `canvas-lms-master/config/routes.rb:279` | route:get ""anonymous_submissions/:anonymous_id"", to: ""anonymous_submissions#show"", as: :anonymous_submission `canvas-lms-master/config/routes.rb:285` | route:put ""anonymous_submissions/:anonymous_id"", to: ""anonymous_submissions#update"" `canvas-lms-master/config/routes.rb:299` | model:PeerReviewSubAssignment `canvas-lms-master/app/models/peer_review_sub_assignment.rb:21` | model:ModerationGrader `canvas-lms-master/app/models/moderation_grader.rb:21` | model:AnonymousOrModerationEvent `canvas-lms-master/app/models/anonymous_or_moderation_event.rb:21` | model:ModeratedGrading::NullProvisionalGrade `canvas-lms-master/app/models/moderated_grading/null_provisional_grade.rb:20`"
CV-QZ-001,测验与题库,测验管理,CONFIRMED_BY_CODE,教师可创建、发布、取消发布测验，学生可进入测验作答，系统保存测验提交和事件。,支持 Classic Quiz 与 New Quizzes 入口并存。,"controller:NewQuizzesController `canvas-lms-master/app/controllers/new_quizzes_controller.rb:26` | controller:QuizzesNext::QuizzesApiController `canvas-lms-master/app/controllers/quizzes_next/quizzes_api_controller.rb:20` | controller:Quizzes::QuizSubmissionsController `canvas-lms-master/app/controllers/quizzes/quiz_submissions_controller.rb:21` | controller:QuizSubmissionUsersController `canvas-lms-master/app/controllers/quizzes/quiz_submission_users_controller.rb:85` | route:scope(controller: :new_quizzes) do `canvas-lms-master/config/routes.rb:358` | route:get ""launch"", action: :launch, as: :new_quizzes_launch `canvas-lms-master/config/routes.rb:359` | route:get ""build(/*path)"", action: :launch, as: :new_quizzes_build `canvas-lms-master/config/routes.rb:360` | route:get ""reporting(/*path)"", action: :launch, as: :new_quizzes_reporting `canvas-lms-master/config/routes.rb:361` | model:ExportService `canvas-lms-master/app/models/quizzes_next/export_service.rb:20` | model:Service `canvas-lms-master/app/models/quizzes_next/service.rb:20` | model:Quizzes2Exporter `canvas-lms-master/app/models/exporters/quizzes2_exporter.rb:23` | model:Quizzes::QuizSubmissionEventPartitioner `canvas-lms-master/app/models/quizzes/quiz_submission_event_partitioner.rb:20`"
CV-QZ-002,测验与题库,题库与题目管理,CONFIRMED_BY_CODE,系统支持 Question Bank、Assessment Question、Quiz Question、Item Bank。,教师可维护题库、题组和题目，测验可从题库抽题。,"controller:AssessmentQuestionBanksController `canvas-lms-master/app/controllers/assessment_question_banks_controller.rb:227` | controller:ItemBanksController `canvas-lms-master/app/controllers/item_banks_controller.rb:21` | controller:QuestionBanksController `canvas-lms-master/app/controllers/question_banks_controller.rb:21` | controller:AssessmentQuestionsController `canvas-lms-master/app/controllers/assessment_questions_controller.rb:21` | route:resources :quiz_questions, controller: ""quizzes/quiz_questions"", path: :questions, only: %i[create update destroy show] `canvas-lms-master/config/routes.rb:468` | route:scope(controller: ""quizzes/quiz_questions"") do `canvas-lms-master/config/routes.rb:2382` | route:get ""courses/:course_id/quizzes/:quiz_id/questions"", action: :index, as: ""course_quiz_questions"" `canvas-lms-master/config/routes.rb:2383` | model:AssessmentQuestionBank `canvas-lms-master/app/models/assessment_question_bank.rb:21` | model:AssessmentQuestion `canvas-lms-master/app/models/assessment_question.rb:21` | model:AssessmentQuestionBankUser `canvas-lms-master/app/models/assessment_question_bank_user.rb:21` | model:AssessmentQuestionImporter `canvas-lms-master/app/models/importers/assessment_question_importer.rb:21` | table:quiz_questions `canvas-lms-master/db/migrate/20101210192618_init_canvas_db.rb:4363`"
CV-QZ-003,测验与题库,测验统计与审计,CONFIRMED_BY_CODE,系统支持 quiz statistics、history、log auditing 和迁移提醒。,教师可查看测验统计和作答历史，管理员可审计异常。,"controller:Quizzes::QuizStatisticsController `canvas-lms-master/app/controllers/quizzes/quiz_statistics_controller.rb:238` | route:resources :question_banks do `canvas-lms-master/config/routes.rb:93` | route:resources :assessment_questions `canvas-lms-master/config/routes.rb:98` | route:scope(controller: :new_quizzes) do `canvas-lms-master/config/routes.rb:358` | route:get ""launch"", action: :launch, as: :new_quizzes_launch `canvas-lms-master/config/routes.rb:359` | model:Quizzes::QuizStatisticsService `canvas-lms-master/app/models/quizzes/quiz_statistics_service.rb:20` | model:Quizzes::QuizStatistics `canvas-lms-master/app/models/quizzes/quiz_statistics.rb:21` | model:Quizzes::QuizStatistics::Report `canvas-lms-master/app/models/quizzes/quiz_statistics/report.rb:20` | model:Quizzes::QuizStatistics::StudentAnalysis `canvas-lms-master/app/models/quizzes/quiz_statistics/student_analysis.rb:21` | table:assessment_question_banks `canvas-lms-master/db/migrate/20101210192618_init_canvas_db.rb:633` | table:assessment_question_bank_users `canvas-lms-master/db/migrate/20101210192618_init_canvas_db.rb:647` | table:assessment_questions `canvas-lms-master/db/migrate/20101210192618_init_canvas_db.rb:653`"
CV-CNT-001,内容、文件与模块,课程文件与文件夹,CONFIRMED_BY_CODE,系统支持 Attachment、Folder、文件上传、下载、预览、配额、删除限制和相对路径访问。,文件可归属于用户、课程、作业或内容对象，访问必须检查上下文权限。,"controller:FoldersController `canvas-lms-master/app/controllers/folders_controller.rb:112` | controller:FilesController `canvas-lms-master/app/controllers/files_controller.rb:128` | route:get ""files/folder#{full_path_glob}"" => ""files#react_files"", :format => false, :defaults => { format: ""html"" } `canvas-lms-master/config/routes.rb:115` | route:resources :folders `canvas-lms-master/config/routes.rb:140` | route:post ""media_attachments"" => ""media_objects#create_media_object"", :as => :create_media_attachment `canvas-lms-master/config/routes.rb:615` | route:get ""media_attachments/:attachment_id/thumbnail"" => ""media_objects#media_object_thumbnail"", :as => :media_attachment_thumbnail `canvas-lms-master/config/routes.rb:616` | model:AttachmentUploadStatus `canvas-lms-master/app/models/attachment_upload_status.rb:19` | model:Attachment `canvas-lms-master/app/models/attachment.rb:22` | model:AttachmentAssociation `canvas-lms-master/app/models/attachment_association.rb:21` | model:Folder `canvas-lms-master/app/models/folder.rb:21` | table:attachments `canvas-lms-master/db/migrate/20101210192618_init_canvas_db.rb:953` | table:attachment_associations `canvas-lms-master/db/migrate/20101210192618_init_canvas_db.rb:1039`"
CV-CNT-002,内容、文件与模块,页面、Wiki 与 Syllabus,CONFIRMED_BY_CODE,教师可维护 Wiki Page、课程页面、Syllabus，学生可查看发布内容和修订。,页面与课程上下文、模块、日历等联动。,"controller:SyllabusApiController `canvas-lms-master/app/controllers/syllabus_api_controller.rb:20` | controller:WikiPagesController `canvas-lms-master/app/controllers/wiki_pages_controller.rb:20` | controller:WikiPagesApiController `canvas-lms-master/app/controllers/wiki_pages_api_controller.rb:174` | route:resources :wiki_pages, path: :pages, except: %i[update destroy new], constraints: { id: %r{[^/]+} } do `canvas-lms-master/config/routes.rb:169` | route:get ""revisions"" => ""wiki_pages#revisions"", :as => :revisions `canvas-lms-master/config/routes.rb:170` | route:get ""wiki"" => ""wiki_pages#front_page"", :as => :wiki `canvas-lms-master/config/routes.rb:173` | route:get ""wiki/:id"" => ""wiki_pages#show_redirect"", :id => %r{[^/]+} `canvas-lms-master/config/routes.rb:174` | model:Wiki `canvas-lms-master/app/models/wiki.rb:21` | model:WikiPageEmbedding `canvas-lms-master/app/models/wiki_page_embedding.rb:19` | model:WikiPage `canvas-lms-master/app/models/wiki_page.rb:21` | model:WikiPageLookup `canvas-lms-master/app/models/wiki_page_lookup.rb:21` | table:wikis `canvas-lms-master/db/migrate/20101210192618_init_canvas_db.rb:5300`"
CV-CNT-003,内容、文件与模块,课程模块与学习路径,CONFIRMED_BY_CODE,系统支持 Context Module、Module Item、模块进度、发布状态和顺序。,教师可组织课程内容，学生按模块访问并记录进度。,"controller:ContextModulesController `canvas-lms-master/app/controllers/context_modules_controller.rb:21` | controller:ContextModulesApiController `canvas-lms-master/app/controllers/context_modules_api_controller.rb:126` | controller:ContextModuleItemsApiController `canvas-lms-master/app/controllers/context_module_items_api_controller.rb:243` | route:get ""files/folder#{full_path_glob}"" => ""files#react_files"", :format => false, :defaults => { format: ""html"" } `canvas-lms-master/config/routes.rb:115` | route:get ""files/search"" => ""files#react_files"", :format => false, :defaults => { format: ""html"" } `canvas-lms-master/config/routes.rb:116` | route:resources :files, except: [:new] do `canvas-lms-master/config/routes.rb:117` | route:get ""download"" => ""files#show"", :download => ""1"" `canvas-lms-master/config/routes.rb:118` | model:ContextModule `canvas-lms-master/app/models/context_module.rb:21` | model:ContextModuleProgression `canvas-lms-master/app/models/context_module_progression.rb:21` | model:ContextModuleImporter `canvas-lms-master/app/models/importers/context_module_importer.rb:21` | model:Finder `canvas-lms-master/app/models/context_module_progressions/finder.rb:22` | table:context_module_progressions `canvas-lms-master/db/migrate/20101210192618_init_canvas_db.rb:1702`"
CV-CNT-004,内容、文件与模块,日历与计划器,CONFIRMED_BY_CODE,系统支持 Calendar Event、Planner、Planner Override、作业日期视图。,用户可以按课程和个人视角查看待办、日历和计划项。,"controller:PlannerOverridesController `canvas-lms-master/app/controllers/planner_overrides_controller.rb:90` | controller:CalendarsController `canvas-lms-master/app/controllers/calendars_controller.rb:21` | controller:CalendarEventsController `canvas-lms-master/app/controllers/calendar_events_controller.rb:21` | controller:CalendarEventsApiController `canvas-lms-master/app/controllers/calendar_events_api_controller.rb:319` | route:get ""calendar"" => ""calendars#show"" `canvas-lms-master/config/routes.rb:267` | route:get ""calendars/:feed_code"" => ""calendar_events_api#public_feed"", :as => :feeds_calendar `canvas-lms-master/config/routes.rb:651` | route:get ""calendars/:feed_code.:format"" => ""calendar_events_api#public_feed"", :as => :feeds_calendar_format `canvas-lms-master/config/routes.rb:652` | route:get ""calendar"" => ""calendars#show"" `canvas-lms-master/config/routes.rb:720` | model:PlannerNote `canvas-lms-master/app/models/planner_note.rb:21` | model:CalendarEvent `canvas-lms-master/app/models/calendar_event.rb:25` | model:PlannerOverride `canvas-lms-master/app/models/planner_override.rb:21` | model:CalendarEventImporter `canvas-lms-master/app/models/importers/calendar_event_importer.rb:22`"
CV-DIS-001,讨论、公告与协作,讨论与公告,CONFIRMED_BY_CODE,系统支持 Discussion Topic、Discussion Entry、Announcement 和用户阅读状态。,课程或小组成员可参与讨论，教师可发布公告。,"controller:AnnouncementsController `canvas-lms-master/app/controllers/announcements_controller.rb:21` | controller:AnnouncementsApiController `canvas-lms-master/app/controllers/announcements_api_controller.rb:26` | controller:DiscussionTopicsApiController `canvas-lms-master/app/controllers/discussion_topics_api_controller.rb:24` | controller:DiscussionEntriesController `canvas-lms-master/app/controllers/discussion_entries_controller.rb:22` | route:resources :announcements `canvas-lms-master/config/routes.rb:155` | route:resources :discussion_topics, only: %i[index new show edit destroy] do `canvas-lms-master/config/routes.rb:159` | route:get ""insights"" => ""discussion_topics#insights"", :as => :insights `canvas-lms-master/config/routes.rb:161` | route:get ""discussion_topics/:id/*extras"" => ""discussion_topics#show"", :as => :map, :extras => /.+/ `canvas-lms-master/config/routes.rb:164` | model:DiscussionTopicSummary `canvas-lms-master/app/models/discussion_topic_summary.rb:19` | model:Announcement `canvas-lms-master/app/models/announcement.rb:21` | model:DiscussionTopicInsight `canvas-lms-master/app/models/discussion_topic_insight.rb:19` | model:DiscussionEntryVersion `canvas-lms-master/app/models/discussion_entry_version.rb:19`"
CV-DIS-002,讨论、公告与协作,小组与协作,CONFIRMED_BY_CODE,系统支持 Groups、Group Categories、Collaborations、Conferences 和 ePortfolio。,课程内可创建小组协作和会议，用户可维护作品集。,"controller:EportfolioCategoriesController `canvas-lms-master/app/controllers/eportfolio_categories_controller.rb:20` | controller:EportfoliosApiController `canvas-lms-master/app/controllers/eportfolios_api_controller.rb:120` | controller:EportfolioEntriesController `canvas-lms-master/app/controllers/eportfolio_entries_controller.rb:21` | controller:CollaborationsController `canvas-lms-master/app/controllers/collaborations_controller.rb:126` | route:resources :groups, except: :edit `canvas-lms-master/config/routes.rb:103` | route:get ""group_unassigned_members"" => ""groups#unassigned_members"" `canvas-lms-master/config/routes.rb:105` | route:resources :conferences do `canvas-lms-master/config/routes.rb:181` | route:delete :recording, to: ""conferences#delete_recording"", as: :delete_recording `canvas-lms-master/config/routes.rb:185` | model:EportfolioCategory `canvas-lms-master/app/models/eportfolio_category.rb:21` | model:EportfolioEntry `canvas-lms-master/app/models/eportfolio_entry.rb:23` | model:Eportfolio `canvas-lms-master/app/models/eportfolio.rb:21` | model:AppointmentGroupSubContext `canvas-lms-master/app/models/appointment_group_sub_context.rb:21`"
CV-OUT-001,学习成果与能力,学习成果管理,CONFIRMED_BY_CODE,系统支持 Learning Outcome、Outcome Group、Outcome Link、Proficiency 和 Outcome Result。,课程或账户可定义学习成果，并将其绑定 Rubric/评估结果。,"controller:OutcomesController `canvas-lms-master/app/controllers/outcomes_controller.rb:21` | controller:OutcomeResultsController `canvas-lms-master/app/controllers/outcome_results_controller.rb:189` | controller:OutcomesAcademicBenchmarkImportApiController `canvas-lms-master/app/controllers/outcomes_academic_benchmark_import_api_controller.rb:21` | controller:OutcomesApiController `canvas-lms-master/app/controllers/outcomes_api_controller.rb:165` | route:get ""outcomes/users/:user_id"" => ""outcomes#user_outcome_results"", :as => :user_outcomes_results `canvas-lms-master/config/routes.rb:493` | route:resources :outcomes do `canvas-lms-master/config/routes.rb:494` | route:get ""alignments/:id"" => ""outcomes#alignment_redirect"", :as => :alignment_redirect `canvas-lms-master/config/routes.rb:495` | route:post ""alignments"" => ""outcomes#align"", :as => :align `canvas-lms-master/config/routes.rb:496` | model:LearningOutcomeResult `canvas-lms-master/app/models/learning_outcome_result.rb:21` | model:LearningOutcome `canvas-lms-master/app/models/learning_outcome.rb:21` | model:LearningOutcomeGroup `canvas-lms-master/app/models/learning_outcome_group.rb:21` | model:LearningOutcomeQuestionResult `canvas-lms-master/app/models/learning_outcome_question_result.rb:21`"
CV-LTI-001,LTI、外部工具与集成,外部工具配置与启动,CONFIRMED_BY_CODE,管理员/教师可配置 ContextExternalTool、LTI registration、deployment、resource link，并从课程、作业或页面启动工具。,系统需要校验上下文、用户、签名/token、placement 和权限。,"controller:ExternalToolsController `canvas-lms-master/app/controllers/external_tools_controller.rb:607` | controller:Lti::ResourceLinksController `canvas-lms-master/app/controllers/lti/resource_links_controller.rb:150` | controller:Lti::TokenController `canvas-lms-master/app/controllers/lti/token_controller.rb:21` | controller:Lti::ToolConfigurationsApiController `canvas-lms-master/app/controllers/lti/tool_configurations_api_controller.rb:41` | route:get ""lti/resource/:resource_link_id"", `canvas-lms-master/config/routes.rb:349` | route:get ""lti/resource/:resource_link_id"", `canvas-lms-master/config/routes.rb:398` | route:get ""lti/resource/:resource_link_id"", `canvas-lms-master/config/routes.rb:830` | route:scope(controller: ""lti/resource_links"") do `canvas-lms-master/config/routes.rb:2193` | model:ContextExternalTool `canvas-lms-master/app/models/context_external_tool.rb:21` | model:ContextExternalToolPlacement `canvas-lms-master/app/models/context_external_tool_placement.rb:20` | model:ContextExternalToolImporter `canvas-lms-master/app/models/importers/context_external_tool_importer.rb:21` | model:LtiResourceLinkImporter `canvas-lms-master/app/models/importers/lti_resource_link_importer.rb:21`"
CV-LTI-002,LTI、外部工具与集成,LTI Advantage 服务,CONFIRMED_BY_CODE,系统支持 LTI memberships、submissions、line items、asset processor、platform storage、public jwk 等服务端点。,外部工具可读取成员、回传成绩、处理文件资产或使用平台存储。,"controller:AssetProcessorController `canvas-lms-master/app/controllers/support_helpers/asset_processor_controller.rb:21` | controller:PlatformStorageController `canvas-lms-master/app/controllers/lti/platform_storage_controller.rb:42` | controller:AssetProcessorController `canvas-lms-master/app/controllers/lti/asset_processor_controller.rb:21` | controller:AssetProcessorLaunchController `canvas-lms-master/app/controllers/lti/asset_processor_launch_controller.rb:21` | route:post ""/test/mock_lti/ui"", to: ""test/mock_lti#ui"" `canvas-lms-master/config/routes.rb:30` | route:get ""/test/mock_lti/jwks"", to: ""test/mock_lti#jwks"" `canvas-lms-master/config/routes.rb:32` | route:post ""/test/mock_lti/subscription_handler"", to: ""test/mock_lti#subscription_handler"" `canvas-lms-master/config/routes.rb:33` | route:get ""lti/resource/:resource_link_id"", `canvas-lms-master/config/routes.rb:349` | model:Lti::AssetProcessor `canvas-lms-master/app/models/lti/asset_processor.rb:20` | model:Lti::LineItem `canvas-lms-master/app/models/lti/line_item.rb:21` | model:Lti::AssetProcessorEulaAcceptance `canvas-lms-master/app/models/lti/asset_processor_eula_acceptance.rb:20` | model:LtiAssetProcessorContributionNoticeBuilder `canvas-lms-master/app/models/lti/pns/lti_asset_processor_contribution_notice_builder.rb:22`"
CV-LTI-003,LTI、外部工具与集成,查重与媒体集成,CONFIRMED_BY_CODE,系统保留 Turnitin、VeriCite、Plagiarism Platform、Kaltura、Microsoft/Google 等集成线索。,作业提交和媒体内容可被外部服务处理。,"controller:TurnitinController `canvas-lms-master/app/controllers/support_helpers/turnitin_controller.rb:21` | controller:PlagiarismPlatformController `canvas-lms-master/app/controllers/support_helpers/plagiarism_platform_controller.rb:21` | controller:PlagiarismAssignmentsApiController `canvas-lms-master/app/controllers/lti/plagiarism_assignments_api_controller.rb:64` | route:get :turnitin_confirmation `canvas-lms-master/config/routes.rb:748` | route:post ""comment_session"" => ""services_api#start_kaltura_session"", :as => :dashboard_comment_session `canvas-lms-master/config/routes.rb:1097` | route:get ""services/kaltura"", action: :show_kaltura_config `canvas-lms-master/config/routes.rb:2071` | route:post ""services/kaltura_session"", action: :start_kaltura_session `canvas-lms-master/config/routes.rb:2072` | model:MicrosoftSync::PartialSyncChange `canvas-lms-master/app/models/microsoft_sync/partial_sync_change.rb:20` | table:microsoft_sync_partial_sync_changes `canvas-lms-master/db/migrate/20101210192618_init_canvas_db.rb:3677` | frontend_feature:ui/features/external_tool_redirect `canvas-lms-master/ui/features/external_tool_redirect:1` | frontend_feature:ui/features/external_tools_show `canvas-lms-master/ui/features/external_tools_show:1` | frontend_feature:ui/features/lti_registrations `canvas-lms-master/ui/features/lti_registrations:1`"
CV-SIS-001,SIS、导入导出与报表,SIS 批量导入,CONFIRMED_BY_CODE,根账户管理员可通过 CSV/ZIP/raw body 触发 SIS 导入，系统保存 SisBatch、错误、状态和批处理清理过程。,导入用户、课程、班级、选课等机构数据，需要输出错误/警告。,"controller:SisApiController `canvas-lms-master/app/controllers/sis_api_controller.rb:306` | controller:SisImportErrorsApiController `canvas-lms-master/app/controllers/sis_import_errors_api_controller.rb:57` | controller:DisablePostToSisApiController `canvas-lms-master/app/controllers/disable_post_to_sis_api_controller.rb:24` | controller:SisImportsApiController `canvas-lms-master/app/controllers/sis_imports_api_controller.rb:373` | route:get :sis_import `canvas-lms-master/config/routes.rb:786` | route:resources :sis_imports, only: %i[create show index], controller: :sis_imports_api `canvas-lms-master/config/routes.rb:787` | route:scope(controller: :sis_imports_api) do `canvas-lms-master/config/routes.rb:1748` | route:post ""accounts/:account_id/sis_imports"", action: :create `canvas-lms-master/config/routes.rb:1749` | model:ErrorReport `canvas-lms-master/app/models/error_report.rb:21` | model:WebZipExport `canvas-lms-master/app/models/web_zip_export.rb:20` | model:MigrationIssue `canvas-lms-master/app/models/migration_issue.rb:20` | model:AccountReportRow `canvas-lms-master/app/models/account_report_row.rb:21`"
CV-SIS-002,SIS、导入导出与报表,内容/成绩/文件导入导出,CONFIRMED_BY_CODE,系统支持 content export/import、gradebook upload/export、web zip、epub export 和 migration issue。,教师/管理员可迁移课程内容、导出包和处理迁移问题。,"controller:EpubExportsController `canvas-lms-master/app/controllers/epub_exports_controller.rb:95` | controller:WebZipExportsController `canvas-lms-master/app/controllers/web_zip_exports_controller.rb:94` | controller:ContentImportsController `canvas-lms-master/app/controllers/content_imports_controller.rb:22` | route:resources :epub_exports, only: [:index] `canvas-lms-master/config/routes.rb:47` | route:scope(controller: :epub_exports) do `canvas-lms-master/config/routes.rb:2665` | route:get ""epub_exports"", { `canvas-lms-master/config/routes.rb:2669` | model:WebZipExport `canvas-lms-master/app/models/web_zip_export.rb:20` | model:EpubExport `canvas-lms-master/app/models/epub_export.rb:20` | model:CreateService `canvas-lms-master/app/models/epub_exports/create_service.rb:21` | table:epub_exports `canvas-lms-master/db/migrate/20101210192618_init_canvas_db.rb:2447` | frontend_feature:ui/features/epub_exports `canvas-lms-master/ui/features/epub_exports:1` | frontend_feature:ui/features/webzip_export `canvas-lms-master/ui/features/webzip_export:1`"
CV-SIS-003,SIS、导入导出与报表,账户报表,CONFIRMED_BY_CODE,系统支持 Account Reports、Report Runner、Report Snapshot 和报表行数据。,管理员可生成、下载和查看机构级报表。,controller:AccountReportsController `canvas-lms-master/app/controllers/account_reports_controller.rb:199` | route:scope(controller: :account_reports) do `canvas-lms-master/config/routes.rb:1967` | model:ReportSnapshot `canvas-lms-master/app/models/report_snapshot.rb:21` | table:account_reports `canvas-lms-master/db/migrate/20101210192618_init_canvas_db.rb:478` | frontend_feature:ui/features/account_reports `canvas-lms-master/ui/features/account_reports:1` | frontend_feature:ui/shared/account_reports `canvas-lms-master/ui/shared/account_reports:1` | graphql: `canvas-lms-master/app/graphql/loaders/sisid_loader.rb:21`
CV-OPS-001,分析、审计与运维,审计与活动记录,CONFIRMED_BY_CODE,系统支持 page views、grade change audit、authentication audit、docviewer audit、error report 等记录。,安全、合规和排障需要可追踪关键事件。,"controller:AuthenticationAuditApiController `canvas-lms-master/app/controllers/authentication_audit_api_controller.rb:72` | controller:DocviewerAuditEventsController `canvas-lms-master/app/controllers/docviewer_audit_events_controller.rb:21` | controller:AuditorApiController `canvas-lms-master/app/controllers/auditor_api_controller.rb:21` | route:resources :docviewer_audit_events, only: [:create], constraints: { format: :json } `canvas-lms-master/config/routes.rb:43` | route:scope(controller: :authentication_audit_api) do `canvas-lms-master/config/routes.rb:1436` | model:AuditEventService `canvas-lms-master/app/models/audit_event_service.rb:20` | model:Auditors::Authentication `canvas-lms-master/app/models/auditors/authentication.rb:21` | model:Record `canvas-lms-master/app/models/auditors/record.rb:22` | model:Auditors::FeatureFlag `canvas-lms-master/app/models/auditors/feature_flag.rb:21` | table:auditor_authentication_records `canvas-lms-master/db/migrate/20101210192618_init_canvas_db.rb:1071` | table:auditor_feature_flag_records `canvas-lms-master/db/migrate/20101210192618_init_canvas_db.rb:1094` | frontend_feature:ui/features/analytics_hub `canvas-lms-master/ui/features/analytics_hub:1`"
CV-OPS-002,分析、审计与运维,后台任务与运维设置,CONFIRMED_BY_CODE,系统支持 Jobs、Delayed/后台任务、Feature Flags、Dynamic Settings、统计和健康检查。,长任务、导入、报表、通知和媒体处理应异步执行。,"controller:JobsController `canvas-lms-master/app/controllers/jobs_controller.rb:20` | controller:JobsV2Controller `canvas-lms-master/app/controllers/jobs_v2_controller.rb:20` | controller:RateLimitingSettingsController `canvas-lms-master/app/controllers/rate_limiting_settings_controller.rb:25` | controller:FeatureFlagsController `canvas-lms-master/app/controllers/feature_flags_controller.rb:136` | route:get ""live_events/heartbeat"" => ""info#live_events_heartbeat"" unless Rails.env.production? `canvas-lms-master/config/routes.rb:90` | route:get :settings `canvas-lms-master/config/routes.rb:186` | route:get ""settings#{full_path_glob}"", action: :settings `canvas-lms-master/config/routes.rb:227` | route:get :settings `canvas-lms-master/config/routes.rb:228` | model:FeatureFlag `canvas-lms-master/app/models/feature_flag.rb:21` | model:Auditors::FeatureFlag `canvas-lms-master/app/models/auditors/feature_flag.rb:21` | model:FeatureFlagRecord `canvas-lms-master/app/models/auditors/active_record/feature_flag_record.rb:21` | table:delayed_jobs `canvas-lms-master/db/migrate/20101216224513_create_delayed_jobs.rb:26`"
CV-SRCH-001,搜索、AI 与无障碍,搜索与智能能力,CONFIRMED_BY_CODE,系统支持 Search、Smart Search、AI conversations/experiences、LLM 配置和职业体验。,搜索和 AI 能力作为辅助体验存在，启用范围需确认。,"controller:SmartSearchController `canvas-lms-master/app/controllers/smart_search_controller.rb:63` | controller:SearchController `canvas-lms-master/app/controllers/search_controller.rb:23` | controller:AiExperiencesController `canvas-lms-master/app/controllers/ai_experiences_controller.rb:73` | route:get ""search/recipients"" => ""search#recipients"" `canvas-lms-master/config/routes.rb:58` | route:resources :ai_experiences, only: %i[index create new show edit update destroy] do `canvas-lms-master/config/routes.rb:595` | route:resources :ai_experiences, only: %i[index show new edit] `canvas-lms-master/config/routes.rb:598` | route:scope(controller: :smart_search) do `canvas-lms-master/config/routes.rb:1197` | model:LLMConfig `canvas-lms-master/app/models/llm_config.rb:20` | model:AiExperience `canvas-lms-master/app/models/ai_experience.rb:20` | model:LLMResponse `canvas-lms-master/app/models/llm_response.rb:21` | model:Accessibility::AiGenerationService `canvas-lms-master/app/models/accessibility/ai_generation_service.rb:20` | table:ai_experiences `canvas-lms-master/db/migrate/20101210192618_init_canvas_db.rb:532`"
CV-SRCH-002,搜索、AI 与无障碍,无障碍支持,CONFIRMED_BY_CODE,系统支持 accessibility issues、course statistics、immersive reader 等无障碍能力。,课程内容和学习体验需要无障碍检测与辅助阅读。,"controller:AccessibilityIssuesController `canvas-lms-master/app/controllers/accessibility_issues_controller.rb:20` | controller:AccessibilityController `canvas-lms-master/app/controllers/accessibility_controller.rb:20` | controller:ImmersiveReaderController `canvas-lms-master/app/controllers/immersive_reader_controller.rb:23` | controller:ResourceScanController `canvas-lms-master/app/controllers/accessibility/resource_scan_controller.rb:21` | route:resources :accessibility, only: [:index] do `canvas-lms-master/config/routes.rb:575` | route:resource :issues, only: [:create, :update], module: ""accessibility"" `canvas-lms-master/config/routes.rb:579` | route:post ""preview"" => ""accessibility/preview#create"" `canvas-lms-master/config/routes.rb:580` | route:get ""preview"" => ""accessibility/preview#show"" `canvas-lms-master/config/routes.rb:581` | model:AccessibilityIssue `canvas-lms-master/app/models/accessibility_issue.rb:19` | model:AccessibilityResourceScan `canvas-lms-master/app/models/accessibility_resource_scan.rb:19` | model:generates `canvas-lms-master/app/models/accessibility/issue.rb:21` | model:ContentLoader `canvas-lms-master/app/models/accessibility/content_loader.rb:21`"
CV-GQL-001,GraphQL API,GraphQL 查询与变更,CONFIRMED_BY_CODE,系统提供 `/api/graphql`，包含 Query/Mutation/Type/Resolver 等 GraphQL 证据。,前端或外部客户端可通过 GraphQL 聚合读取/修改数据。,"controller:GraphQLController `canvas-lms-master/app/controllers/graphql_controller.rb:21` | route:post ""/api/graphql"", to: ""graphql#execute"" `canvas-lms-master/config/routes.rb:36` | route:get ""graphiql"", to: ""graphql#graphiql"" `canvas-lms-master/config/routes.rb:37` | frontend_feature:ui/shared/graphql `canvas-lms-master/ui/shared/graphql:1` | frontend_feature:ui/shared/graphql-query-mock `canvas-lms-master/ui/shared/graphql-query-mock:1` | graphql: `canvas-lms-master/app/graphql/patched_array_connection.rb:1` | graphql: `canvas-lms-master/app/graphql/collection_connection.rb:1` | graphql: `canvas-lms-master/app/graphql/dynamo_connection.rb:1` | graphql: `canvas-lms-master/app/graphql/instructor_query.rb:1`"
