package_prefix,level,file_count,domain
org.olat.modules,3,4907,业务模块
org.olat.course,3,2347,课程引擎
org.olat.core,3,2068,核心框架
org.olat.ims,3,543,标准协议/IMS
org.olat.repository,3,363,资源仓库
org.olat.user,3,287,用户
org.olat.resource,3,223,资源标识
org.olat.group,3,216,群组
org.olat.admin,3,184,系统管理
org.olat.commons,3,162,通用服务
org.olat.search,3,138,搜索
org.olat.restapi,3,130,REST API
org.olat.login,3,129,认证登录
org.olat.basesecurity,3,120,用户与权限
org.olat.gui,3,70,其他
org.olat.instantMessaging,3,58,即时消息
org.olat.registration,3,57,注册
org.olat.upgrade,3,57,其他
org.olat.shibboleth,3,33,其他
de.bps.course,3,30,其他
org.olat.fileresource,3,24,其他
org.olat.ldap,3,23,其他
de.tuchemnitz.wizard,3,12,其他
org.olat.home,3,12,其他
de.bps.olat,3,11,其他
org.olat.collaboration,3,10,协作
org.olat.note,3,9,其他
org.olat.properties,3,7,其他
org.olat.portal,3,7,其他
org.olat.dispatcher,3,5,其他
org.olat.social,3,2,其他
org.olat.util,3,1,其他
org.olat.course.nodes,4,1097,课程引擎
org.olat.core.gui,4,833,核心框架
org.olat.core.commons,4,805,核心框架
org.olat.ims.qti21,4,401,标准协议/IMS
org.olat.modules.curriculum,4,383,业务模块
org.olat.course.assessment,4,349,课程引擎
org.olat.modules.lecture,4,344,业务模块
org.olat.modules.quality,4,335,业务模块
org.olat.core.util,4,311,核心框架
org.olat.modules.forms,4,283,业务模块
org.olat.modules.ceditor,4,253,业务模块
org.olat.modules.project,4,217,业务模块
org.olat.resource.accesscontrol,4,213,资源标识
org.olat.modules.qpool,4,211,业务模块
org.olat.modules.portfolio,4,200,业务模块
org.olat.repository.ui,4,193,资源仓库
org.olat.modules.video,4,177,业务模块
org.olat.modules.topicbroker,4,144,业务模块
org.olat.modules.coach,4,141,业务模块
org.olat.modules.certificationprogram,4,141,业务模块
org.olat.group.ui,4,134,群组
org.olat.modules.cemedia,4,129,业务模块
org.olat.modules.taxonomy,4,123,业务模块
org.olat.modules.catalog,4,117,业务模块
org.olat.search.service,4,117,搜索
org.olat.modules.oaipmh,4,116,业务模块
org.olat.user.ui,4,116,用户
org.olat.modules.openbadges,4,111,业务模块
org.olat.modules.bigbluebutton,4,106,业务模块
org.olat.ims.lti13,4,96,标准协议/IMS
org.olat.modules.grading,4,93,业务模块
org.olat.course.run,4,92,课程引擎
org.olat.commons.calendar,4,91,通用服务
org.olat.course.condition,4,89,课程引擎
org.olat.modules.fo,4,85,业务模块
org.olat.course.learningpath,4,85,课程引擎
org.olat.modules.webFeed,4,82,业务模块
org.olat.course.certificate,4,78,课程引擎
org.olat.modules.assessment,4,76,业务模块
org.olat.course.editor,4,75,课程引擎
org.olat.admin.user,4,64,系统管理
org.olat.modules.appointments,4,63,业务模块
org.olat.modules.creditpoint,4,63,业务模块
org.olat.modules.grade,4,61,业务模块
org.olat.modules.todo,4,60,业务模块
org.olat.gui.demo,4,59,其他
org.olat.course.member,4,59,课程引擎
org.olat.user.propertyhandlers,4,53,用户
org.olat.modules.reminder,4,52,业务模块
org.olat.modules.teams,4,51,业务模块
org.olat.restapi.system,4,51,REST API
org.olat.modules.wiki,4,50,业务模块
org.olat.admin.sysinfo,4,50,系统管理
org.olat.course.archiver,4,50,课程引擎
org.olat.modules.gotomeeting,4,49,业务模块
org.olat.modules.scorm,4,48,业务模块
org.olat.restapi.support,4,48,REST API
org.olat.modules.edusharing,4,47,业务模块
org.olat.course.reminder,4,47,课程引擎
org.olat.course.statistic,4,47,课程引擎
org.olat.login.oauth,4,45,认证登录
org.olat.modules.library,4,45,业务模块
org.olat.modules.adobeconnect,4,44,业务模块
org.olat.modules.vitero,4,43,业务模块
org.olat.commons.info,4,41,通用服务
org.olat.modules.contacttracing,4,38,业务模块
org.olat.basesecurity.model,4,37,用户与权限
org.olat.group.model,4,34,群组
org.olat.course.config,4,34,课程引擎
org.olat.modules.immunityproof,4,33,业务模块
org.olat.course.wizard,4,33,课程引擎
org.olat.course.todo,4,33,课程引擎
org.olat.modules.sharepoint,4,32,业务模块
org.olat.modules.invitation,4,32,业务模块
org.olat.ims.cp,4,32,标准协议/IMS
org.olat.core.logging,4,32,核心框架
org.olat.core.id,4,31,核心框架
org.olat.repository.model,4,29,资源仓库
de.bps.course.nodes,4,28,其他
org.olat.modules.openmeetings,4,28,业务模块
org.olat.instantMessaging.ui,4,28,即时消息
org.olat.course.style,4,28,课程引擎
org.olat.modules.zoom,4,26,业务模块
org.olat.repository.manager,4,26,资源仓库
org.olat.user.restapi,4,25,用户
org.olat.repository.bulk,4,25,资源仓库
org.olat.repository.handlers,4,25,资源仓库
org.olat.modules.message,4,24,业务模块
org.olat.modules.opencast,4,24,业务模块
org.olat.login.webauthn,4,22,认证登录
org.olat.modules.docpool,4,22,业务模块
org.olat.fileresource.types,4,22,其他
org.olat.login.validation,4,21,认证登录
org.olat.basesecurity.manager,4,21,用户与权限
org.olat.core.configuration,4,21,核心框架
org.olat.course.noderight,4,21,课程引擎
org.olat.user.manager,4,18,用户
org.olat.modules.jupyterhub,4,17,业务模块
org.olat.modules.dcompensation,4,17,业务模块
org.olat.commons.coordinate,4,17,通用服务
org.olat.restapi.repository,4,15,REST API
org.olat.group.manager,4,15,群组
org.olat.core.dispatcher,4,15,核心框架
org.olat.modules.cp,4,14,业务模块
org.olat.course.disclaimer,4,14,课程引擎
org.olat.course.site,4,14,课程引擎
org.olat.course.duedate,4,14,课程引擎
org.olat.ims.lti,4,12,标准协议/IMS
org.olat.course.nodeaccess,4,12,课程引擎
org.olat.course.groupsandrights,4,12,课程引擎
org.olat.modules.edubase,4,11,业务模块
org.olat.modules.externalsite,4,11,业务模块
org.olat.gui.control,4,11,其他
org.olat.commons.memberlist,4,11,通用服务
org.olat.core.extensions,4,11,核心框架
org.olat.repository.wizard,4,11,资源仓库
org.olat.instantMessaging.model,4,10,即时消息
org.olat.admin.quota,4,10,系统管理
org.olat.admin.securitygroup,4,10,系统管理
org.olat.course.db,4,10,课程引擎
org.olat.login.auth,4,9,认证登录
de.tuchemnitz.wizard.workflows,4,8,其他
org.olat.restapi.security,4,8,REST API
org.olat.search.ui,4,8,搜索
org.olat.admin.landingpages,4,8,系统管理
org.olat.modules.mediasite,4,7,业务模块
org.olat.modules.audiovideorecording,4,7,业务模块
org.olat.modules.sharedfolder,4,7,业务模块
org.olat.resource.references,4,7,资源标识
org.olat.admin.layout,4,7,系统管理
org.olat.admin.help,4,7,系统管理
org.olat.shibboleth.manager,4,7,其他
org.olat.course.core,4,7,课程引擎
org.olat.repository.site,4,7,资源仓库
org.olat.modules.card2brain,4,6,业务模块
org.olat.instantMessaging.manager,4,6,即时消息
org.olat.admin.security,4,6,系统管理
org.olat.admin.site,4,6,系统管理
org.olat.shibboleth.handler,4,6,其他
org.olat.ldap.ui,4,6,其他
org.olat.group.area,4,6,群组
org.olat.course.folder,4,6,课程引擎
org.olat.course.quota,4,6,课程引擎
org.olat.course.highscore,4,6,课程引擎
de.bps.olat.portal,4,5,其他
org.olat.login.ui,4,5,认证登录
org.olat.login.tocco,4,5,认证登录
org.olat.modules.glossary,4,5,业务模块
org.olat.ldap.manager,4,5,其他
org.olat.group.right,4,5,群组
org.olat.core.servlets,4,5,核心框架
org.olat.repository.controllers,4,5,资源仓库
de.tuchemnitz.wizard.helper,4,4,其他
org.olat.login.performx,4,4,认证登录
org.olat.user.model,4,4,用户
org.olat.admin.registration,4,4,系统管理
org.olat.ldap.model,4,4,其他
org.olat.course.tree,4,4,课程引擎
org.olat.repository.portlet,4,4,资源仓库
de.bps.olat.modules,4,3,其他
org.olat.basesecurity.events,4,3,用户与权限
org.olat.restapi.ui,4,3,REST API
org.olat.search.model,4,3,搜索
org.olat.user.notification,4,3,用户
org.olat.course.properties,4,3,课程引擎
org.olat.course.auditing,4,3,课程引擎
org.olat.portal.calendar,4,3,其他
org.olat.registration.restapi,4,3,注册
de.bps.olat.user,4,2,其他
de.bps.course.condition,4,2,其他
org.olat.modules.co,4,2,业务模块
org.olat.basesecurity.webdav,4,2,用户与权限
org.olat.ims.resources,4,2,标准协议/IMS
org.olat.restapi.group,4,2,REST API
org.olat.admin.search,4,2,系统管理
org.olat.commons.lifecycle,4,2,通用服务
org.olat.group.site,4,2,群组
org.olat.core.helpers,4,2,核心框架
org.olat.course.area,4,2,课程引擎
org.olat.course.export,4,2,课程引擎
org.olat.portal.quickstart,4,2,其他
org.olat.portal.infomsg,4,2,其他
org.olat.upgrade.model,4,2,其他
de.bps.olat.registration,4,1,其他
org.olat.social.shareLink,4,1,其他
org.olat.restapi.i18n,4,1,REST API
org.olat.admin.statistics,4,1,系统管理
org.olat.admin.privacy,4,1,系统管理
org.olat.admin.cache,4,1,系统管理
org.olat.admin.bc,4,1,系统管理
org.olat.admin.setup,4,1,系统管理
org.olat.admin.restapi,4,1,系统管理
org.olat.admin.notifications,4,1,系统管理
org.olat.shibboleth.util,4,1,其他
org.olat.util.logging,4,1,其他
org.olat.course.admin,4,1,课程引擎
org.olat.home.controllerCreators,4,1,其他
