table,domain,path,line
o_forum,其他业务模块,src/main/resources/database/postgresql/setupDatabase.sql,1
o_forum_pseudonym,其他业务模块,src/main/resources/database/postgresql/setupDatabase.sql,9
o_property,其他业务模块,src/main/resources/database/postgresql/setupDatabase.sql,18
o_bs_secgroup,用户、组织与权限,src/main/resources/database/postgresql/setupDatabase.sql,35
o_bs_group,用户、组织与权限,src/main/resources/database/postgresql/setupDatabase.sql,42
o_bs_group_member,用户、组织与权限,src/main/resources/database/postgresql/setupDatabase.sql,49
o_bs_group_member_history,用户、组织与权限,src/main/resources/database/postgresql/setupDatabase.sql,60
o_bs_grant,用户、组织与权限,src/main/resources/database/postgresql/setupDatabase.sql,76
o_gp_business,用户、组织与权限,src/main/resources/database/postgresql/setupDatabase.sql,86
o_temporarykey,其他业务模块,src/main/resources/database/postgresql/setupDatabase.sql,125
o_bs_authentication,用户、组织与权限,src/main/resources/database/postgresql/setupDatabase.sql,138
o_bs_authentication_history,用户、组织与权限,src/main/resources/database/postgresql/setupDatabase.sql,162
o_bs_recovery_key,用户、组织与权限,src/main/resources/database/postgresql/setupDatabase.sql,173
o_bs_webauthn_stats,用户、组织与权限,src/main/resources/database/postgresql/setupDatabase.sql,184
o_noti_pub,通知,src/main/resources/database/postgresql/setupDatabase.sql,193
o_noti_mail,通知,src/main/resources/database/postgresql/setupDatabase.sql,211
o_bs_identity,用户、组织与权限,src/main/resources/database/postgresql/setupDatabase.sql,221
o_bs_relation_role,用户、组织与权限,src/main/resources/database/postgresql/setupDatabase.sql,242
o_bs_relation_right,用户、组织与权限,src/main/resources/database/postgresql/setupDatabase.sql,252
o_bs_relation_role_to_right,用户、组织与权限,src/main/resources/database/postgresql/setupDatabase.sql,258
o_bs_identity_to_identity,用户、组织与权限,src/main/resources/database/postgresql/setupDatabase.sql,265
o_csp_log,其他业务模块,src/main/resources/database/postgresql/setupDatabase.sql,275
o_olatresource,资源仓库与课程资源,src/main/resources/database/postgresql/setupDatabase.sql,293
o_bs_namedgroup,用户、组织与权限,src/main/resources/database/postgresql/setupDatabase.sql,302
o_catentry,资源仓库与课程资源,src/main/resources/database/postgresql/setupDatabase.sql,311
o_note,其他业务模块,src/main/resources/database/postgresql/setupDatabase.sql,329
o_references,其他业务模块,src/main/resources/database/postgresql/setupDatabase.sql,342
o_references_history,其他业务模块,src/main/resources/database/postgresql/setupDatabase.sql,352
o_user,用户、组织与权限,src/main/resources/database/postgresql/setupDatabase.sql,362
o_userproperty,用户、组织与权限,src/main/resources/database/postgresql/setupDatabase.sql,456
o_user_data_export,用户、组织与权限,src/main/resources/database/postgresql/setupDatabase.sql,463
o_user_data_delete,用户、组织与权限,src/main/resources/database/postgresql/setupDatabase.sql,474
o_user_absence_leave,用户、组织与权限,src/main/resources/database/postgresql/setupDatabase.sql,484
o_message,其他业务模块,src/main/resources/database/postgresql/setupDatabase.sql,497
o_gp_bgtoarea_rel,用户、组织与权限,src/main/resources/database/postgresql/setupDatabase.sql,517
o_noti_sub,通知,src/main/resources/database/postgresql/setupDatabase.sql,526
o_bs_policy,用户、组织与权限,src/main/resources/database/postgresql/setupDatabase.sql,538
o_gp_bgarea,用户、组织与权限,src/main/resources/database/postgresql/setupDatabase.sql,550
o_repositoryentry,资源仓库与课程资源,src/main/resources/database/postgresql/setupDatabase.sql,559
o_re_to_group,资源仓库与课程资源,src/main/resources/database/postgresql/setupDatabase.sql,606
o_re_template_to_group,资源仓库与课程资源,src/main/resources/database/postgresql/setupDatabase.sql,615
o_re_to_tax_level,资源仓库与课程资源,src/main/resources/database/postgresql/setupDatabase.sql,622
o_repositoryentry_cycle,资源仓库与课程资源,src/main/resources/database/postgresql/setupDatabase.sql,629
o_repositoryentry_stats,资源仓库与课程资源,src/main/resources/database/postgresql/setupDatabase.sql,641
o_bs_membership,用户、组织与权限,src/main/resources/database/postgresql/setupDatabase.sql,653
o_re_educational_type,资源仓库与课程资源,src/main/resources/database/postgresql/setupDatabase.sql,663
o_plock,日志、统计与平台运维,src/main/resources/database/postgresql/setupDatabase.sql,674
hibernate_unique_key,其他业务模块,src/main/resources/database/postgresql/setupDatabase.sql,682
o_lifecycle,日志、统计与平台运维,src/main/resources/database/postgresql/setupDatabase.sql,686
oc_lock,日志、统计与平台运维,src/main/resources/database/postgresql/setupDatabase.sql,698
o_readmessage,其他业务模块,src/main/resources/database/postgresql/setupDatabase.sql,709
o_loggingtable,日志、统计与平台运维,src/main/resources/database/postgresql/setupDatabase.sql,719
o_checklist,其他业务模块,src/main/resources/database/postgresql/setupDatabase.sql,746
o_checkpoint,其他业务模块,src/main/resources/database/postgresql/setupDatabase.sql,755
o_checkpoint_results,其他业务模块,src/main/resources/database/postgresql/setupDatabase.sql,766
o_projectbroker,项目与协作,src/main/resources/database/postgresql/setupDatabase.sql,776
o_projectbroker_project,项目与协作,src/main/resources/database/postgresql/setupDatabase.sql,783
o_projectbroker_customfields,项目与协作,src/main/resources/database/postgresql/setupDatabase.sql,799
o_usercomment,用户、组织与权限,src/main/resources/database/postgresql/setupDatabase.sql,806
o_userrating,用户、组织与权限,src/main/resources/database/postgresql/setupDatabase.sql,818
o_info_message,其他业务模块,src/main/resources/database/postgresql/setupDatabase.sql,832
o_info_message_to_group,其他业务模块,src/main/resources/database/postgresql/setupDatabase.sql,854
o_info_message_to_cur_el,其他业务模块,src/main/resources/database/postgresql/setupDatabase.sql,861
o_co_db_entry,其他业务模块,src/main/resources/database/postgresql/setupDatabase.sql,869
o_bs_invitation,用户、组织与权限,src/main/resources/database/postgresql/setupDatabase.sql,886
o_tag_tag,其他业务模块,src/main/resources/database/postgresql/setupDatabase.sql,905
o_todo_task,其他业务模块,src/main/resources/database/postgresql/setupDatabase.sql,913
o_todo_task_tag,其他业务模块,src/main/resources/database/postgresql/setupDatabase.sql,941
o_mail,其他业务模块,src/main/resources/database/postgresql/setupDatabase.sql,950
o_mail_to_recipient,其他业务模块,src/main/resources/database/postgresql/setupDatabase.sql,965
o_mail_recipient,其他业务模块,src/main/resources/database/postgresql/setupDatabase.sql,971
o_mail_attachment,其他业务模块,src/main/resources/database/postgresql/setupDatabase.sql,984
o_ac_cost_center,订单、付费与访问控制,src/main/resources/database/postgresql/setupDatabase.sql,999
o_ac_offer,订单、付费与访问控制,src/main/resources/database/postgresql/setupDatabase.sql,1009
o_ac_offer_to_organisation,订单、付费与访问控制,src/main/resources/database/postgresql/setupDatabase.sql,1040
o_ac_method,订单、付费与访问控制,src/main/resources/database/postgresql/setupDatabase.sql,1049
o_ac_offer_access,订单、付费与访问控制,src/main/resources/database/postgresql/setupDatabase.sql,1062
o_ac_auto_advance_order,订单、付费与访问控制,src/main/resources/database/postgresql/setupDatabase.sql,1074
o_ac_billing_address,订单、付费与访问控制,src/main/resources/database/postgresql/setupDatabase.sql,1088
o_ac_order,订单、付费与访问控制,src/main/resources/database/postgresql/setupDatabase.sql,1110
o_ac_order_part,订单、付费与访问控制,src/main/resources/database/postgresql/setupDatabase.sql,1134
o_ac_order_line,订单、付费与访问控制,src/main/resources/database/postgresql/setupDatabase.sql,1149
o_ac_transaction,订单、付费与访问控制,src/main/resources/database/postgresql/setupDatabase.sql,1166
o_ac_reservation,订单、付费与访问控制,src/main/resources/database/postgresql/setupDatabase.sql,1179
o_ac_paypal_transaction,订单、付费与访问控制,src/main/resources/database/postgresql/setupDatabase.sql,1193
o_ac_checkout_transaction,订单、付费与访问控制,src/main/resources/database/postgresql/setupDatabase.sql,1225
o_ca_launcher,其他业务模块,src/main/resources/database/postgresql/setupDatabase.sql,1250
o_ca_launcher_to_organisation,其他业务模块,src/main/resources/database/postgresql/setupDatabase.sql,1262
o_ca_filter,其他业务模块,src/main/resources/database/postgresql/setupDatabase.sql,1270
o_stat_lastupdated,日志、统计与平台运维,src/main/resources/database/postgresql/setupDatabase.sql,1283
o_stat_dayofweek,日志、统计与平台运维,src/main/resources/database/postgresql/setupDatabase.sql,1293
o_stat_hourofday,日志、统计与平台运维,src/main/resources/database/postgresql/setupDatabase.sql,1307
o_stat_weekly,日志、统计与平台运维,src/main/resources/database/postgresql/setupDatabase.sql,1321
o_stat_daily,日志、统计与平台运维,src/main/resources/database/postgresql/setupDatabase.sql,1335
o_stat_studylevel,日志、统计与平台运维,src/main/resources/database/postgresql/setupDatabase.sql,1349
o_stat_studybranch3,日志、统计与平台运维,src/main/resources/database/postgresql/setupDatabase.sql,1363
o_mark,其他业务模块,src/main/resources/database/postgresql/setupDatabase.sql,1375
o_om_room_reference,在线会议集成,src/main/resources/database/postgresql/setupDatabase.sql,1388
o_aconnect_meeting,在线会议集成,src/main/resources/database/postgresql/setupDatabase.sql,1403
o_aconnect_user,在线会议集成,src/main/resources/database/postgresql/setupDatabase.sql,1428
o_bbb_template,在线会议集成,src/main/resources/database/postgresql/setupDatabase.sql,1439
o_bbb_server,在线会议集成,src/main/resources/database/postgresql/setupDatabase.sql,1474
o_bbb_meeting,在线会议集成,src/main/resources/database/postgresql/setupDatabase.sql,1488
o_bbb_attendee,在线会议集成,src/main/resources/database/postgresql/setupDatabase.sql,1524
o_bbb_recording,在线会议集成,src/main/resources/database/postgresql/setupDatabase.sql,1536
o_teams_meeting,在线会议集成,src/main/resources/database/postgresql/setupDatabase.sql,1553
o_teams_user,在线会议集成,src/main/resources/database/postgresql/setupDatabase.sql,1585
o_teams_attendee,在线会议集成,src/main/resources/database/postgresql/setupDatabase.sql,1596
o_as_eff_statement,测评、作业与成绩,src/main/resources/database/postgresql/setupDatabase.sql,1610
o_as_user_course_infos,测评、作业与成绩,src/main/resources/database/postgresql/setupDatabase.sql,1641
o_as_entry,测评、作业与成绩,src/main/resources/database/postgresql/setupDatabase.sql,1657
o_as_score_accounting_trigger,测评、作业与成绩,src/main/resources/database/postgresql/setupDatabase.sql,1725
o_as_compensation,测评、作业与成绩,src/main/resources/database/postgresql/setupDatabase.sql,1739
o_as_compensation_log,测评、作业与成绩,src/main/resources/database/postgresql/setupDatabase.sql,1755
o_as_mode_course,测评、作业与成绩,src/main/resources/database/postgresql/setupDatabase.sql,1769
o_as_mode_course_to_group,测评、作业与成绩,src/main/resources/database/postgresql/setupDatabase.sql,1806
o_as_mode_course_to_area,测评、作业与成绩,src/main/resources/database/postgresql/setupDatabase.sql,1813
o_as_mode_course_to_cur_el,测评、作业与成绩,src/main/resources/database/postgresql/setupDatabase.sql,1820
o_as_seb_template,测评、作业与成绩,src/main/resources/database/postgresql/setupDatabase.sql,1828
o_as_inspection_configuration,测评、作业与成绩,src/main/resources/database/postgresql/setupDatabase.sql,1843
o_as_inspection,测评、作业与成绩,src/main/resources/database/postgresql/setupDatabase.sql,1864
o_as_inspection_log,测评、作业与成绩,src/main/resources/database/postgresql/setupDatabase.sql,1884
o_as_message,测评、作业与成绩,src/main/resources/database/postgresql/setupDatabase.sql,1896
o_as_message_log,测评、作业与成绩,src/main/resources/database/postgresql/setupDatabase.sql,1911
o_cer_template,其他业务模块,src/main/resources/database/postgresql/setupDatabase.sql,1922
o_cer_certificate,其他业务模块,src/main/resources/database/postgresql/setupDatabase.sql,1934
o_cer_entry_config,其他业务模块,src/main/resources/database/postgresql/setupDatabase.sql,1961
o_cer_program,其他业务模块,src/main/resources/database/postgresql/setupDatabase.sql,1983
o_cer_program_to_organisation,其他业务模块,src/main/resources/database/postgresql/setupDatabase.sql,2011
o_cer_program_to_element,其他业务模块,src/main/resources/database/postgresql/setupDatabase.sql,2019
o_cer_program_mail_config,其他业务模块,src/main/resources/database/postgresql/setupDatabase.sql,2027
o_cer_program_log,其他业务模块,src/main/resources/database/postgresql/setupDatabase.sql,2043
o_gr_grade_system,测评、作业与成绩,src/main/resources/database/postgresql/setupDatabase.sql,2061
o_gr_performance_class,测评、作业与成绩,src/main/resources/database/postgresql/setupDatabase.sql,2078
o_gr_grade_scale,测评、作业与成绩,src/main/resources/database/postgresql/setupDatabase.sql,2089
o_gr_breakpoint,测评、作业与成绩,src/main/resources/database/postgresql/setupDatabase.sql,2101
o_goto_organizer,在线会议集成,src/main/resources/database/postgresql/setupDatabase.sql,2113
o_goto_meeting,在线会议集成,src/main/resources/database/postgresql/setupDatabase.sql,2132
o_goto_registrant,在线会议集成,src/main/resources/database/postgresql/setupDatabase.sql,2150
o_vid_transcoding,其他业务模块,src/main/resources/database/postgresql/setupDatabase.sql,2163
o_vid_metadata,其他业务模块,src/main/resources/database/postgresql/setupDatabase.sql,2178
o_vid_to_organisation,其他业务模块,src/main/resources/database/postgresql/setupDatabase.sql,2194
o_vid_task_session,其他业务模块,src/main/resources/database/postgresql/setupDatabase.sql,2203
o_vid_task_selection,其他业务模块,src/main/resources/database/postgresql/setupDatabase.sql,2225
o_cal_use_config,日历,src/main/resources/database/postgresql/setupDatabase.sql,2239
o_cal_import,日历,src/main/resources/database/postgresql/setupDatabase.sql,2254
o_cal_import_to,日历,src/main/resources/database/postgresql/setupDatabase.sql,2267
o_im_message,即时消息,src/main/resources/database/postgresql/setupDatabase.sql,2279
o_im_notification,即时消息,src/main/resources/database/postgresql/setupDatabase.sql,2296
o_im_roster_entry,即时消息,src/main/resources/database/postgresql/setupDatabase.sql,2309
o_im_preferences,即时消息,src/main/resources/database/postgresql/setupDatabase.sql,2327
o_mapper,其他业务模块,src/main/resources/database/postgresql/setupDatabase.sql,2337
o_qti_assessmenttest_session,测评、作业与成绩,src/main/resources/database/postgresql/setupDatabase.sql,2349
o_qti_assessmentitem_session,测评、作业与成绩,src/main/resources/database/postgresql/setupDatabase.sql,2377
o_qti_assessment_response,测评、作业与成绩,src/main/resources/database/postgresql/setupDatabase.sql,2397
o_qti_assessment_marks,测评、作业与成绩,src/main/resources/database/postgresql/setupDatabase.sql,2410
o_practice_resource,其他业务模块,src/main/resources/database/postgresql/setupDatabase.sql,2423
o_practice_global_item_ref,其他业务模块,src/main/resources/database/postgresql/setupDatabase.sql,2436
o_vfs_metadata,文件与VFS,src/main/resources/database/postgresql/setupDatabase.sql,2452
o_vfs_thumbnail,文件与VFS,src/main/resources/database/postgresql/setupDatabase.sql,2500
o_vfs_revision,文件与VFS,src/main/resources/database/postgresql/setupDatabase.sql,2515
o_vfs_statistics,文件与VFS,src/main/resources/database/postgresql/setupDatabase.sql,2546
o_de_access,其他业务模块,src/main/resources/database/postgresql/setupDatabase.sql,2561
o_de_user_info,其他业务模块,src/main/resources/database/postgresql/setupDatabase.sql,2578
o_pf_binder,作品集与内容编辑,src/main/resources/database/postgresql/setupDatabase.sql,2588
o_pf_section,作品集与内容编辑,src/main/resources/database/postgresql/setupDatabase.sql,2607
o_ce_page,作品集与内容编辑,src/main/resources/database/postgresql/setupDatabase.sql,2624
o_ce_page_body,作品集与内容编辑,src/main/resources/database/postgresql/setupDatabase.sql,2646
o_ce_page_part,作品集与内容编辑,src/main/resources/database/postgresql/setupDatabase.sql,2655
o_media,作品集与内容编辑,src/main/resources/database/postgresql/setupDatabase.sql,2673
o_media_tag,作品集与内容编辑,src/main/resources/database/postgresql/setupDatabase.sql,2701
o_media_to_tax_level,作品集与内容编辑,src/main/resources/database/postgresql/setupDatabase.sql,2709
o_media_to_group,作品集与内容编辑,src/main/resources/database/postgresql/setupDatabase.sql,2717
o_media_version,作品集与内容编辑,src/main/resources/database/postgresql/setupDatabase.sql,2729
o_media_version_metadata,作品集与内容编辑,src/main/resources/database/postgresql/setupDatabase.sql,2746
o_media_log,作品集与内容编辑,src/main/resources/database/postgresql/setupDatabase.sql,2757
o_media_to_page_part,作品集与内容编辑,src/main/resources/database/postgresql/setupDatabase.sql,2767
o_ce_page_reference,作品集与内容编辑,src/main/resources/database/postgresql/setupDatabase.sql,2779
o_pf_category,作品集与内容编辑,src/main/resources/database/postgresql/setupDatabase.sql,2788
o_pf_category_relation,作品集与内容编辑,src/main/resources/database/postgresql/setupDatabase.sql,2795
o_pf_assessment_section,作品集与内容编辑,src/main/resources/database/postgresql/setupDatabase.sql,2804
o_ce_assignment,作品集与内容编辑,src/main/resources/database/postgresql/setupDatabase.sql,2816
o_pf_binder_user_infos,作品集与内容编辑,src/main/resources/database/postgresql/setupDatabase.sql,2841
o_ce_page_user_infos,作品集与内容编辑,src/main/resources/database/postgresql/setupDatabase.sql,2854
o_ce_page_to_tax_competence,作品集与内容编辑,src/main/resources/database/postgresql/setupDatabase.sql,2866
o_ce_audit_log,作品集与内容编辑,src/main/resources/database/postgresql/setupDatabase.sql,2874
o_eva_form_survey,质量管理与表单,src/main/resources/database/postgresql/setupDatabase.sql,2887
o_eva_form_participation,质量管理与表单,src/main/resources/database/postgresql/setupDatabase.sql,2903
o_eva_form_session,质量管理与表单,src/main/resources/database/postgresql/setupDatabase.sql,2921
o_eva_form_response,质量管理与表单,src/main/resources/database/postgresql/setupDatabase.sql,2943
o_qual_data_collection,质量管理与表单,src/main/resources/database/postgresql/setupDatabase.sql,2957
o_qual_data_collection_to_org,质量管理与表单,src/main/resources/database/postgresql/setupDatabase.sql,2978
o_qual_context,质量管理与表单,src/main/resources/database/postgresql/setupDatabase.sql,2986
o_qual_context_to_organisation,质量管理与表单,src/main/resources/database/postgresql/setupDatabase.sql,3000
o_qual_context_to_curriculum,质量管理与表单,src/main/resources/database/postgresql/setupDatabase.sql,3008
o_qual_context_to_cur_element,质量管理与表单,src/main/resources/database/postgresql/setupDatabase.sql,3016
o_qual_context_to_tax_level,质量管理与表单,src/main/resources/database/postgresql/setupDatabase.sql,3024
o_qual_reminder,质量管理与表单,src/main/resources/database/postgresql/setupDatabase.sql,3032
o_qual_report_access,质量管理与表单,src/main/resources/database/postgresql/setupDatabase.sql,3043
o_qual_generator,质量管理与表单,src/main/resources/database/postgresql/setupDatabase.sql,3059
o_qual_generator_config,质量管理与表单,src/main/resources/database/postgresql/setupDatabase.sql,3071
o_qual_generator_to_org,质量管理与表单,src/main/resources/database/postgresql/setupDatabase.sql,3081
o_qual_generator_override,质量管理与表单,src/main/resources/database/postgresql/setupDatabase.sql,3089
o_qual_analysis_presentation,质量管理与表单,src/main/resources/database/postgresql/setupDatabase.sql,3101
o_qual_audit_log,质量管理与表单,src/main/resources/database/postgresql/setupDatabase.sql,3117
o_qp_pool,题库,src/main/resources/database/postgresql/setupDatabase.sql,3131
o_qp_taxonomy_level,题库,src/main/resources/database/postgresql/setupDatabase.sql,3141
o_qp_item,题库,src/main/resources/database/postgresql/setupDatabase.sql,3152
o_qp_item_audit_log,题库,src/main/resources/database/postgresql/setupDatabase.sql,3192
o_qp_pool_2_item,题库,src/main/resources/database/postgresql/setupDatabase.sql,3206
o_qp_share_item,题库,src/main/resources/database/postgresql/setupDatabase.sql,3215
o_qp_item_collection,题库,src/main/resources/database/postgresql/setupDatabase.sql,3224
o_qp_collection_2_item,题库,src/main/resources/database/postgresql/setupDatabase.sql,3233
o_qp_edu_context,题库,src/main/resources/database/postgresql/setupDatabase.sql,3241
o_qp_item_type,题库,src/main/resources/database/postgresql/setupDatabase.sql,3249
o_qp_license,题库,src/main/resources/database/postgresql/setupDatabase.sql,3257
o_lti_outcome,LTI集成,src/main/resources/database/postgresql/setupDatabase.sql,3267
o_lti_tool,LTI集成,src/main/resources/database/postgresql/setupDatabase.sql,3281
o_lti_tool_deployment,LTI集成,src/main/resources/database/postgresql/setupDatabase.sql,3298
o_lti_context,LTI集成,src/main/resources/database/postgresql/setupDatabase.sql,3325
o_lti_platform,LTI集成,src/main/resources/database/postgresql/setupDatabase.sql,3350
o_lti_shared_tool_deployment,LTI集成,src/main/resources/database/postgresql/setupDatabase.sql,3368
o_lti_shared_tool_service,LTI集成,src/main/resources/database/postgresql/setupDatabase.sql,3379
o_lti_content_item,LTI集成,src/main/resources/database/postgresql/setupDatabase.sql,3390
o_lti_key,LTI集成,src/main/resources/database/postgresql/setupDatabase.sql,3433
o_cl_checkbox,测评、作业与成绩,src/main/resources/database/postgresql/setupDatabase.sql,3446
o_cl_check,测评、作业与成绩,src/main/resources/database/postgresql/setupDatabase.sql,3457
o_gta_task_list,测评、作业与成绩,src/main/resources/database/postgresql/setupDatabase.sql,3468
o_gta_task,测评、作业与成绩,src/main/resources/database/postgresql/setupDatabase.sql,3477
o_gta_task_revision,测评、作业与成绩,src/main/resources/database/postgresql/setupDatabase.sql,3514
o_gta_task_revision_date,测评、作业与成绩,src/main/resources/database/postgresql/setupDatabase.sql,3528
o_gta_review_assignment,测评、作业与成绩,src/main/resources/database/postgresql/setupDatabase.sql,3538
o_gta_mark,测评、作业与成绩,src/main/resources/database/postgresql/setupDatabase.sql,3551
o_rem_reminder,其他业务模块,src/main/resources/database/postgresql/setupDatabase.sql,3561
o_rem_sent_reminder,其他业务模块,src/main/resources/database/postgresql/setupDatabase.sql,3579
o_ex_task,其他业务模块,src/main/resources/database/postgresql/setupDatabase.sql,3589
o_ex_task_modifier,其他业务模块,src/main/resources/database/postgresql/setupDatabase.sql,3608
o_ex_export_metadata,其他业务模块,src/main/resources/database/postgresql/setupDatabase.sql,3617
o_ex_export_metadata_to_org,其他业务模块,src/main/resources/database/postgresql/setupDatabase.sql,3637
o_ex_export_metadata_to_cur,其他业务模块,src/main/resources/database/postgresql/setupDatabase.sql,3645
o_ex_export_metadata_to_cur_el,其他业务模块,src/main/resources/database/postgresql/setupDatabase.sql,3653
o_sms_message_log,其他业务模块,src/main/resources/database/postgresql/setupDatabase.sql,3662
o_feed,其他业务模块,src/main/resources/database/postgresql/setupDatabase.sql,3674
o_feed_item,其他业务模块,src/main/resources/database/postgresql/setupDatabase.sql,3691
o_lecture_reason,其他业务模块,src/main/resources/database/postgresql/setupDatabase.sql,3716
o_lecture_absence_category,其他业务模块,src/main/resources/database/postgresql/setupDatabase.sql,3726
o_lecture_absence_notice,其他业务模块,src/main/resources/database/postgresql/setupDatabase.sql,3736
o_lecture_block,其他业务模块,src/main/resources/database/postgresql/setupDatabase.sql,3754
o_lecture_block_to_group,其他业务模块,src/main/resources/database/postgresql/setupDatabase.sql,3787
o_lecture_notice_to_block,其他业务模块,src/main/resources/database/postgresql/setupDatabase.sql,3794
o_lecture_notice_to_entry,其他业务模块,src/main/resources/database/postgresql/setupDatabase.sql,3802
o_lecture_block_roll_call,其他业务模块,src/main/resources/database/postgresql/setupDatabase.sql,3810
o_lecture_reminder,其他业务模块,src/main/resources/database/postgresql/setupDatabase.sql,3834
o_lecture_participant_summary,其他业务模块,src/main/resources/database/postgresql/setupDatabase.sql,3843
o_lecture_entry_config,其他业务模块,src/main/resources/database/postgresql/setupDatabase.sql,3862
o_lecture_block_audit_log,其他业务模块,src/main/resources/database/postgresql/setupDatabase.sql,3884
o_lecture_block_to_tax_level,其他业务模块,src/main/resources/database/postgresql/setupDatabase.sql,3901
o_cp_system,其他业务模块,src/main/resources/database/postgresql/setupDatabase.sql,3910
o_cp_system_to_organisation,其他业务模块,src/main/resources/database/postgresql/setupDatabase.sql,3925
o_cp_wallet,其他业务模块,src/main/resources/database/postgresql/setupDatabase.sql,3933
o_cp_transaction,其他业务模块,src/main/resources/database/postgresql/setupDatabase.sql,3944
o_cp_transaction_details,其他业务模块,src/main/resources/database/postgresql/setupDatabase.sql,3962
o_cp_repositoryentry_config,其他业务模块,src/main/resources/database/postgresql/setupDatabase.sql,3971
o_cp_cur_element_config,其他业务模块,src/main/resources/database/postgresql/setupDatabase.sql,3984
o_tax_taxonomy,其他业务模块,src/main/resources/database/postgresql/setupDatabase.sql,3996
o_tax_taxonomy_level_type,其他业务模块,src/main/resources/database/postgresql/setupDatabase.sql,4011
o_tax_taxonomy_type_to_type,其他业务模块,src/main/resources/database/postgresql/setupDatabase.sql,4035
o_tax_taxonomy_level,其他业务模块,src/main/resources/database/postgresql/setupDatabase.sql,4042
o_tax_taxonomy_competence,其他业务模块,src/main/resources/database/postgresql/setupDatabase.sql,4064
o_tax_competence_audit_log,其他业务模块,src/main/resources/database/postgresql/setupDatabase.sql,4081
o_dialog_element,其他业务模块,src/main/resources/database/postgresql/setupDatabase.sql,4096
o_lic_license_type,其他业务模块,src/main/resources/database/postgresql/setupDatabase.sql,4111
o_lic_license_type_activation,其他业务模块,src/main/resources/database/postgresql/setupDatabase.sql,4124
o_lic_license,其他业务模块,src/main/resources/database/postgresql/setupDatabase.sql,4132
o_org_organisation_type,用户、组织与权限,src/main/resources/database/postgresql/setupDatabase.sql,4145
o_org_organisation,用户、组织与权限,src/main/resources/database/postgresql/setupDatabase.sql,4158
o_org_email_domain,用户、组织与权限,src/main/resources/database/postgresql/setupDatabase.sql,4178
o_org_type_to_type,用户、组织与权限,src/main/resources/database/postgresql/setupDatabase.sql,4189
o_re_to_organisation,资源仓库与课程资源,src/main/resources/database/postgresql/setupDatabase.sql,4196
o_cur_element_type,课程体系与培养计划,src/main/resources/database/postgresql/setupDatabase.sql,4207
o_cur_curriculum,课程体系与培养计划,src/main/resources/database/postgresql/setupDatabase.sql,4226
o_cur_curriculum_element,课程体系与培养计划,src/main/resources/database/postgresql/setupDatabase.sql,4243
o_cur_element_type_to_type,课程体系与培养计划,src/main/resources/database/postgresql/setupDatabase.sql,4297
o_cur_element_to_tax_level,课程体系与培养计划,src/main/resources/database/postgresql/setupDatabase.sql,4304
o_cur_audit_log,课程体系与培养计划,src/main/resources/database/postgresql/setupDatabase.sql,4312
o_es_usage,其他业务模块,src/main/resources/database/postgresql/setupDatabase.sql,4326
o_livestream_launch,其他业务模块,src/main/resources/database/postgresql/setupDatabase.sql,4345
o_livestream_url_template,其他业务模块,src/main/resources/database/postgresql/setupDatabase.sql,4355
o_grad_to_identity,其他业务模块,src/main/resources/database/postgresql/setupDatabase.sql,4366
o_grad_assignment,其他业务模块,src/main/resources/database/postgresql/setupDatabase.sql,4376
o_grad_time_record,其他业务模块,src/main/resources/database/postgresql/setupDatabase.sql,4395
o_grad_configuration,其他业务模块,src/main/resources/database/postgresql/setupDatabase.sql,4407
o_course_element,其他业务模块,src/main/resources/database/postgresql/setupDatabase.sql,4428
o_course_color_category,其他业务模块,src/main/resources/database/postgresql/setupDatabase.sql,4448
o_course_disclaimer_consent,其他业务模块,src/main/resources/database/postgresql/setupDatabase.sql,4461
o_ap_topic,其他业务模块,src/main/resources/database/postgresql/setupDatabase.sql,4473
o_ap_organizer,其他业务模块,src/main/resources/database/postgresql/setupDatabase.sql,4489
o_ap_topic_to_group,其他业务模块,src/main/resources/database/postgresql/setupDatabase.sql,4498
o_ap_appointment,其他业务模块,src/main/resources/database/postgresql/setupDatabase.sql,4506
o_ap_participation,其他业务模块,src/main/resources/database/postgresql/setupDatabase.sql,4528
o_org_role_to_right,用户、组织与权限,src/main/resources/database/postgresql/setupDatabase.sql,4540
o_ct_location,其他业务模块,src/main/resources/database/postgresql/setupDatabase.sql,4550
o_ct_registration,其他业务模块,src/main/resources/database/postgresql/setupDatabase.sql,4569
o_immunity_proof,其他业务模块,src/main/resources/database/postgresql/setupDatabase.sql,4596
o_zoom_profile,其他业务模块,src/main/resources/database/postgresql/setupDatabase.sql,4608
o_zoom_config,其他业务模块,src/main/resources/database/postgresql/setupDatabase.sql,4622
o_proj_project,项目与协作,src/main/resources/database/postgresql/setupDatabase.sql,4634
o_proj_project_to_org,项目与协作,src/main/resources/database/postgresql/setupDatabase.sql,4652
o_proj_template_to_org,项目与协作,src/main/resources/database/postgresql/setupDatabase.sql,4659
o_proj_project_user_info,项目与协作,src/main/resources/database/postgresql/setupDatabase.sql,4666
o_proj_artefact,项目与协作,src/main/resources/database/postgresql/setupDatabase.sql,4675
o_proj_artefact_to_artefact,项目与协作,src/main/resources/database/postgresql/setupDatabase.sql,4690
o_proj_tag,项目与协作,src/main/resources/database/postgresql/setupDatabase.sql,4699
o_proj_file,项目与协作,src/main/resources/database/postgresql/setupDatabase.sql,4707
o_proj_todo,项目与协作,src/main/resources/database/postgresql/setupDatabase.sql,4715
o_proj_note,项目与协作,src/main/resources/database/postgresql/setupDatabase.sql,4724
o_proj_appointment,项目与协作,src/main/resources/database/postgresql/setupDatabase.sql,4733
o_proj_milestone,项目与协作,src/main/resources/database/postgresql/setupDatabase.sql,4752
o_proj_decision,项目与协作,src/main/resources/database/postgresql/setupDatabase.sql,4765
o_proj_activity,项目与协作,src/main/resources/database/postgresql/setupDatabase.sql,4775
o_repositoryentry_audit_log,资源仓库与课程资源,src/main/resources/database/postgresql/setupDatabase.sql,4793
o_jup_hub,其他业务模块,src/main/resources/database/postgresql/setupDatabase.sql,4806
o_jup_deployment,其他业务模块,src/main/resources/database/postgresql/setupDatabase.sql,4826
o_badge_template,其他业务模块,src/main/resources/database/postgresql/setupDatabase.sql,4840
o_badge_class,其他业务模块,src/main/resources/database/postgresql/setupDatabase.sql,4852
o_badge_assertion,其他业务模块,src/main/resources/database/postgresql/setupDatabase.sql,4880
o_badge_category,其他业务模块,src/main/resources/database/postgresql/setupDatabase.sql,4899
o_badge_entry_config,其他业务模块,src/main/resources/database/postgresql/setupDatabase.sql,4907
o_badge_organization,其他业务模块,src/main/resources/database/postgresql/setupDatabase.sql,4918
o_gui_prefs,其他业务模块,src/main/resources/database/postgresql/setupDatabase.sql,4928
o_tb_broker,其他业务模块,src/main/resources/database/postgresql/setupDatabase.sql,4940
o_tb_participant,其他业务模块,src/main/resources/database/postgresql/setupDatabase.sql,4960
o_tb_topic,其他业务模块,src/main/resources/database/postgresql/setupDatabase.sql,4970
o_tb_custom_field_definition,其他业务模块,src/main/resources/database/postgresql/setupDatabase.sql,4989
o_tb_custom_field,其他业务模块,src/main/resources/database/postgresql/setupDatabase.sql,5002
o_tb_selection,其他业务模块,src/main/resources/database/postgresql/setupDatabase.sql,5013
o_tb_audit_log,其他业务模块,src/main/resources/database/postgresql/setupDatabase.sql,5024
o_ai_usage_log,其他业务模块,src/main/resources/database/postgresql/setupDatabase.sql,5040
o_feed_tag,其他业务模块,src/main/resources/database/postgresql/setupDatabase.sql,5078
